#NAME?
?
? - Tegucigalpa - Toncontin
AZ - Las Vegas, NV
Abaco - Miami
Abadan - Tehran
Abakan - Petropavlosk - Kamchatsky
Abidjan - Bordeaux
Abidjan - Lagos
Abidjan - Rio de Janeiro
Abidjan - Rundu, Nambia
Abidjan, Ivory Coast - Douala, Cameroon - Nairobi, Kenya
Abilene, TX - Forth Worth, TX
Abu Dhabi - Bangkok
Abuja - Jos - Kano - Lagos
Abuja - Lagos
Abuja - Obudu
Abuja - Port Harcourt
Acapulco - Guadalajara
Acapulco - Oaxaca
Accra, Ghana - Monrovia, Liberia
Accra, Ghana - Natal, Brazil
Adana - Ankara
Adana - Ciddah
Adana - Istanbul
Adana, Turkey - Balad Air Base, Iraq
Adar Yeil - Khartoum
Addis Ababa - Asmara
Addis Ababa - Bole
Addis Ababa - Nairobi
Addis Ababa - Rome
Addis Ababa, Ethiopia - Rome, Italy
Adelaide - Longreach
Adelaide - Melbourne
Adelaide - Whyalla
Aden - Abu Dahbi
Aden - Al Kari
Adler - Moscow
Agadir - Algiers
Agadir - Casablanca
Agana, Guam - Rota, TT
Agartala - Calcutta
Agartala - Dhaka
Agathi - Kochi - Thiruvananthapuram
Agdam - Shusha
Aguascalientes - Mexico City
Ahwaz - Tehran
Air Show
Air race
Air show
Airshow
Ajaccio - Nice
Akron, OH - Winston/Salem, NC
Al Arish - Cairo
Alameda - Manila
Alameda, CA - Indianapolis, IN
Albany - Glenn Falls
Albany, NY - Jersey City, NJ
Alberquerque -
Albuquerque - Burbank
Albuquerque - Los Angeles
Albuquerque - Sante Fe
Albuquerque, NM - Durango, CO
Albuquerque, NM - Gallup, NM
Albuquerque, NM - Las Cruces, NM
Albuquerque, NM - Oakland, CA
Albuquerque, NM - Sante Fe, NM
Albuquerque, NM - Taos, NM -
Alcante - Morocco
Aldergrove AB - Fort George
Alesund - Oslo
Alexandria, Egypt  - Athens, Greece
Alger - Paris
Algers - Boumediene
Alghero - Cagliari
Algier - Colomb-Bechar - Tindouf
Algiers - Biskra
Algiers - Gao
Algiers - Marseille
Algiers - Menorca
Algiers - Tamanrasset
Algiers �� Marseille
Algiers, Algeria - Frankfurt, Germany
Alicante - Barcelona - Toulouse
Allbrook AFB, Panama  - Santa Bernardina AFB
Allentown, PA - Morristown, NJ
Alliance, AK - Chadron, NE
Alma Ata - Simferopol
Almond Dam, NY - Salamanica, NY
Alotou - Dagura
Alpine -  Midland
Altukaki - Rarotonga
Altus, OK - Oklahoma City, OK
Aman, Jordan - Damascus, Syria - Khartoum, Sudan
Amarillo - Kansas City
Amarillo, TX - Albuquerque, NM
Ambler, AK - Kobuk, AK
Ambo - Sorong
Ambon - Ternate - Manado
Ambon, Indonesia - Darwin, Australia
Amderma - Moscow
Amman - Doha
Amman - Kuwait
Amman, Jordan - Beirut, Lebanon - Yerevan, Armenia
Amritsar - Srinagar
Amsterdam - Athens
Amsterdam - Batavia, Java
Amsterdam - Cardiff
Amsterdam - Faro
Amsterdam - Kuala Lumpur
Amsterdam - London
Amsterdam - Malmo
Amsterdam - Manchester
Amsterdam - Paris
Amsterdam - Prestwick - New York City
Amsterdam - Rotterdam - Brussels - Paris
Amsterdam - Shannon - Gander - New York
Amsterdam - Sweden
Amsterdam - Tel Aviv
Amsterdam, Netherlands - Jarsberg, Norway
An Khe - Tan Son Nhut
Anadyr - Cross Bay
Anaheim - LAX
Anaktuvak, AK - Deadhorse, AK
Anaktuvuk, AK - Bettles, AK
Anapa - St. Petersburg
Anchorage - Iliamna
Anchorage - Juneau
Anchorage - New York City
Anchorage - Nome
Anchorage - Seattle
Anchorage - Seoul
Anchorage - Seward
Anchorage - Yokota AFB
Anchorage, AK - Anchorage, AK
Anchorage, AK - Cantwell, AK
Anchorage, AK - Deadhorse, AK
Anchorage, AK - Gulkana, AK
Anchorage, AK - Hoholitna River, AK
Anchorage, AK - Juneau, AK
Anchorage, AK - Kenai, AK
Anchorage, AK - McGrath, AK
Anchorage, AK - Whittier, AK
Anchorage-Elmendorf AFB - Anchorage-Elmendorf AFB
Anguilla - St. Thomas, VI
Anguilla Island, WI - Beef Island, WI
Ankara - Adana
Ankara - Baku - Kabul
Ankara - Cairo
Ankara - Istanbul
Ankara - Istanbul -  London
Ankara - Nicosia
Ankara - Samsun
Ankara - Van
Ankara, Turkey - Bahrain
Antananarivo - Paris
Antananarivo - Tamatave
Antigua - Montserrat
Antilla - Miami
Anuradhapura - Palaly AFB
Apia, Western Samoa - Pago Pago, American Samoa
Appleton, WI - Minneapolis, MN, - Lincoln, NE
Aqaba AFB - Habbaniya, Iraq
Aqua Caliente, Mexico - Los Angeles
Aracacuara - Villavicencio
Araracuara - Florencia
Arauca - Bogota
Arauca - Cucuta
Arecibo, PR - Ponce, PR
Argentina - Azores
Ariba - Punto Fijo
Arica - La Paz
Arica, Colombia - Puerto Suarez, Bolilvia
Arkansas City, KS - White Plains, NY
Arkhangelsk - 	Amderma
Arkhangelsk - 	Cherepovets
Arkhangelsk - Leshukonskoye
Artigas - Montevideo
Arusha - Serengeti
Asansol - Bagdogra
Ashgabat - Tashkent
Ashiya - Tachikawa AB
Ashiya AB - Kimpo AB
Ashville - Roanoke
Aspen - Denver
Asrmara - Addis Ababa
Astana - Shymkent
Asuncion - Buenos Aires
Asuncion - Campina Grande
Asuncion, Paraguay - La Paz, Bolivia
Athens - Bucharest
Athens - Cairo
Athens - Larisa
Athens - Madrid
Athens - Mount Athos
Athens - Naples
Athens - Nicosia
Athens - Rhodes
Athens - Rome
Athens - Rome - Nice
Athens - Thessaloniki
Athens, Greece - Jeddah, Saudi Arabia
Atlanta - Anniston, AR
Atlanta - Brunswick
Atlanta - Gulfport
Atlanta - Miami
Atlanta - Washington D.C.
Atlanta, GA - Martinsville, VA
Atlanta, GA - Sumpter, SC - Greer, SC
Atlantic City - Cap May
Atlantic City - Newark
Atlantic City - Wilkes-Barre
Atlantic City, NJ - Atlantic City, NJ
Atlantic City, NJ - Groton, CT
Atlantic City, NJ - Stratford, CT
Atlantic City, NJ- Owatonna,MN
Atsugi, Japan - Subi Point, Philippines
Auckland - Blenheim
Auckland - Christchurch
Auckland - Pago Pago
Auckland - Palmerston North
Auckland - Wellington
Auckland - Whenuapai - Tauranga
Auckland, NZ - Papeete, Tahiti - Honolulu - Los Angeles
Aurangabad - Bombay
Aurora, IL - Morris, MN
Aurora, OR - Penticton, Canada
Australia - London
Avalon, CA - Visalia, CA
Axum - Gondar
Azores - Argentia,Newfoundland
Azores - Rapid City AFB
Azores - Westover AFB
Ba Kelalan - Marudi
Babol Sar - Tehran
Bacolod - Mactan
Bagdad - Balad
Bage - Porto Alegra
Baghdad - Amman
Bagram - Dubai Al Maktoum
Bagram - Farah, Afghanstan
Bagram AB - Kabul
Bahar Dar - Asmara
Bahar Dar - Debra Marcos
Bahawalpur - Islamabad
Bahia - Aracaju
Bahia Negra - Asuncion
Bahia Solano - Quibdo
Bajhang - Dhangadhi
Bakersfield, CA - Long Beach, CA
Bakhtaran - Zahedan
Baku - Aktau
Baku - Kabul
Baku - Leningrad
Baku - Moscow
Baku, Azerbaijan - 	Makhachkala, Russia
Baku, Azerbaijan - Aktau, Kazakhstan
Baku, Azerbaijan - Bagram Air Base, Afghanistan
Balikpapan - Palu
Balmaceda, Argentina - Chile Chiro, Chile
Baltimore - Atlanta
Baltimore - Columbia SC
Baltimore - Detroit
Baltimore, MD - Winchester, VA
Baltimore, Maryland - Chicago, Illinois - Las Vegas, Nevada
Bamaga - Lockhart River
Bamako, Mali - Kano, Nigeria
Bamiyan - Kabul
Ban Xon - Pha Khao
Banda Aceh - Medan
Bandar Abbas - Dubai
Bandar Abbas - Mashad
Bandar Seri Begawan - Miri
Banddanack, AK - Fairbanks, AK
Bandirma - Canakkale
Bandung - Denpasar
Bangalore - Trivandrum
Bangboka - Isiro
Bangdung - Jakarta
Bangkok - Bombay
Bangkok - Chiang Mai
Bangkok - Chiang Mai.
Bangkok - Colombo
Bangkok - Delhi
Bangkok - Hong Kong
Bangkok - Karachi
Bangkok - Kathmandu
Bangkok - Koh Samui
Bangkok - Kuwait
Bangkok - Phuket
Bangkok - Surat Thani
Bangkok - Wien, Austria
Bangor, ME - Concord, NH
Bangui, CAR- Brazzaville, Congo - Harare, Zimbabwe
Banjarmasin - Sampit
Banjarmasin-Sjamsudin Noor  -  Jakarta
Bankstown - Cooma
Baotou - Shanghai
Baranquilla - Bogota
Barcelona - London
Barcelona - Madrid
Barcelona - Oran, Algeria
Barcelona - Palma de Mallorca
Barcelona - Torino
Barcelona - Valencia - Seville
Barcelona, Spain - Dusseldorf, Germany
Barcelona, Spain - Rome, Italy
Bardufoss - Bodoe
Bari, Italy - Djerba, Tunisia
Bario - Marudi
Barranquilla - Bogota
Barranquilla - Caucasia
Barrow - Wainwright
Bartow, FL - Lake City, FL
Basel - Basel
Basilan - Mactan Island
Bastia - Ajaccio
Bata - Annobon Island
Bata - Malabo
Batagay - 	Lazo
Batavia - Amsterdam
Batesville - Nashville
Bathrust, - Argentina
Battambang - Phnom Penh
Battle Creek - Florence, SC
Batumi - Baku - Chimkent
Bauru - Sao Paulo
Bayou Penchant - Off shore oil fields
Beijing - Busan
Beijing - Chongqing
Beijing - Dalian
Beijing - Urumqi
Beira, Mozambique - Harare, Zimbabwe
Beirut  - Amman
Beirut - Dubai
Beirut - Frankfurt
Beirut - Kuwait City
Beirut - Rome
Beirut - Tehran
Beirut, Lebanon  - Damascas, Syria
Beirut, Lebanon - Addis Ababa, Ethiopia
Beirut, Lebanon - Rome, Italy
Bejing, China - London, England
Belem - Altamira
Belem - Cachimbo
Belem - Manaus
Belem - Monte Dourado
Belem - Parintins
Belem - Santo Antonio do Jari hydroelectic plant
Belem - Sao Luis
Belem - Senador Jose Porfírio
Belfast - Cork
Belfast - Manchester
Belgian Congo - Brussels
Belgium - India
Belgium - Shannon
Belgrad - Paula
Belgrad - Skopje
Belgrade - Malta
Belize City, Belize - New Orleans, LA
Bella Vista - La Paz
Bellingham - Eastsound-Orcas Island
Belo Horizonte  - Rio de Janerio
Belo Horizonte - Rio de Janeiro
Belo Horizxonte - Juiz de For a
Benghazi - Tripoli
Beni - Isiro
Beni - La Paz
Benin - Kano
Beograd - Wien
Bergamo - Orio al Serio - Santa Maria
Bergen - Stratjford-A
Bergen - Trondheim
Berlevag - Mehamn
Berlin - Birgas
Berlin - Budapest
Berlin - Hamburg
Berlin - Hanover
Berlin - Hanover - Cologne - London
Berlin - Mannheim
Berlin - Moscow
Berlin - Munich
Berlin - Salzburg
Berlin - Sofia
Berlin - Vienna
Berlin - Warsaw
Berlin - Zurich
Berlin, Germany - Luxembourg
Berlin, Germany - Oslo, Norway
Berlin, Germany - Paris, France
Berlin-Amsterdam
Bermuda - England
Bermuda - Kingston
Berranca Bermeja - Bucaramanga
Bethany - Mosby
Bethel - Chevak
Bethel - Kwigillingok
Bethel - Saint Marys
Bethel, AK - Chevak, AK
Bethel, AK - Quinhagaki, AK
Bethel, AK - Tooksook, Alaska
Betong - ?
Bicharest - Beogard
Bien Hoa - Vung Tau
Big Springs - San Antonio
Big Trout - Pickle Lake
Bilbao - Madrid
Billings - Great Falls
Billings - Kalispell
Billings - Miles City - Glendive - Sidney
Billings, MT - Cody, WY
Billund - Hannover - Nurnberg
Bima - Ruteng
Bimini - Mores Cay
Bimini, Bahamas - Nassau, Bahamas
Binghamton, NY - Bainbridge, NY
Binghamton, NY - Benningham, VT
Binghamton, NY - Washington DC
Birmingham - Talladega
Birmingham, England - Bangor, MA
Birmingham, England - Isle of Man
Birmingham, England - Malaga, Spain
Bishkek - Tehran, Iran
Bishop - Burbank
Bitter - Moscow
Biysk - Alma-Ata
Blackbushe - Malta - Khartoum
Blackbushe - Tripoli
Blackbushe, UK - Beogard, Serbia
Blanding, UT - Farnington, New Mexico
Blantyre - Lilongwe
Block Island, RI - Westerly, RI
Bloemfontein - George
Bloemfontein - Johannesburg
Boca Raton - Fort Pierce
Boeing Field - Cheyenne
Boende - Kinshasa
Boende, Congo - Kinshasa, Congo
Bogata - Crespo
Bogota  - Barranquilla
Bogota - Araracuara - Villavicencio
Bogota - Barrancabermeja
Bogota - Barranquilla
Bogota - Bucaramanga
Bogota - Cali
Bogota - Carepa
Bogota - Cartagena
Bogota - Cucuta
Bogota - El Yopal
Bogota - Ibague
Bogota - La Macarene
Bogota - Leticia
Bogota - Lima
Bogota - Malambo
Bogota - Medellin
Bogota - Medellin - Quibdo
Bogota - Quito
Bogota - San Andreas Island
Bogota - San Andres
Bogota - San Vicente del Caguán - Florencia
Bogota - Saravena
Bogota - Valledupar
Bogota - Villavicencio
Bogota via Neiva - Ibague
Bogota, Colombia - Miami, FL
Bogotá - Medellín
Boise - Denver
Boise - Salt Lake City
Boise, ID - Colorado Springs, CO
Boise, ID - Flying B Ranch, ID
Boise, ID - Indian Creek, ID
Boise, ID - Pasco, WA
Bolivar - Tumeremo
Bolivar, TN - Pontiac, MI
Bologna - Palermo
Bologna - Torino
Bombay - Ahmadabad
Bombay - Bangalore
Bombay - Beirut  - Geneva - Paris - London -New York
Bombay - Cairo
Bombay - Cairo - Geneva - London
Bombay - Dubai
Bombay - Indore
Bombay - Pune
Bombay-Karachi-Frankfurt-New York
Bombing run
Bordeaux - Bamako
Bordeaux - Bovingdon
Borinquen, PR - San Juan, PR
Bosavi - Mendi
Bosnia - Skopje, Macedonia
Boston - Hartford - Albany - Chicago
Boston - Hartford - Cleveland - Chicago - Oakland
Boston - Los Angeles
Boston - NY - Washington DC - Jacksonville - Miami
Boston - Newark
Boston - Philadelphia
Boston - Rockland
Boston - Washington D.C. - New Orleans
Boston, MA - Auburn, ME
Boston, MA - Montpelier, VT - Lebanon, NH
Boston, MA - Rockville, ME diverted to  Augusta ME
Bouceif - Dakar
Boufarik AB - Bechar - Tindouf
Bourgas, Bulgaria - Asmara, Eritrea
Bovingdon AF - Thorney Island
Branson, MO - Harrison, AR
Brasilia - Sao Paulo
Brasilla  - Guarantinguerta
Brasov - Mamia
Bratislava - Brno
Bratislava - Kosice
Bratislava - Praha
Brazzaville - Douala
Brazzaville - Luanda
Brazzaville - Paris
Brazzaville - Pointe Noire
Bremen - Paris
Bremerhaven - Wangerooge
Bremerton - Seattle
Bridgeport, CT - Albany, NY
Bridgeport, CT - Lebanon, NH
Bridgetown - Fort de France
Bridgetown - Kingston
Brindisi - Athens - Istanbul
Brindisi - Rome
Brisbane - Bachelor Field
Brisbane - Darwin
Brisbane - Sidney
Bristol - Basel
Bristol - Preswick
Bristol, TN - Blountville, TN
Bronson - Wrangell
Bronson Creek - Wrangell
Broomfield, CO - Stillwater, OK
Broughton Island - Narsarsuaq
Brownsville, TX - Guatemala City
Bruning, NB - Pierre, SD
Brunswick, GA - Annapolis, MD
Brunswick, GA - Jacksonville, FL
Brussells - Berlin
Brussels - Bordeaux
Brussels - Croydon
Brussels - Funchal
Brussels - Lagos
Brussels - London
Brussels - Milan
Brussels - Oslo
Brussels - Paris
Brussels - Rome
Brussels - Shannon - Gander - New York City
Brussels - Zurich
Brussels, Belgium - Croydon, England
Bucaramanga - Barrancabermeja
Bucaramanga - Cucuta
Bucaramanga - Malaga
Bucaramanga - Málaga
Bucharest , Romania- Sofia, Bulgaria
Bucharest - Brussel
Bucharest - Oradea
Bucharest - Timisoara
Bucharest - Vienna - Prague - Paris
Bucharest -Lasi
Buckley ANGB - Seattle NAS
Bucurest  - Nouadhibou
Bucurest - Prague
Budapest - Beirut, Lebanon
Budapest - Kiev
Budapest - Maros-Vasarhely
Budapest, Hungary - Tunis, Tunisia
Buena Vista - Cararabo
Buenaventura - Cali
Buenos  Aires - San Carlos de Bariloche
Buenos Aires - Comodoro
Buenos Aires - Cordoba
Buenos Aires - La Paz - Quito
Buenos Aires - Lima
Buenos Aires - Mar Del Plata - Mendoza
Buenos Aires - Mar del Plata
Buenos Aires - Montevideo
Buenos Aires - Natal - London
Buenos Aires - Rio Cuarto
Buenos Aires - Rosario - Corrientes
Buenos Aires - Salta
Buenos Aires - San Carlos
Buenos Aires - Santiago
Buffalo - Chicago
Buffalo - Newark
Buffalo, NY - Parkersburg, WV
Bujumbura, Burundi - Pointe Noire, Congo
Bukavu - Namoya
Bukavu - Shabund
Bukhara - Dushanbe
Bukhara - Tashkent
Buknavu - Uvira
Bulchi - Jimma
Bullen Point - Deadhorse
Bunia - Beni
Bunia - Kisangani
Burbank - Groom Dry Lake
Burbank - Las Vegas - Salt Lake City
Burbank - Oakland
Burbank - Oakland - Sacramento
Burbank - Ontario
Burbank - San Francisco
Burbank - Santa Barbara
Burbank, CA - Oakland, CA
Burbank, CA - Salt Lake City, UT
Burbank, CA - Seattle, WA
Burbank,- St. Paul
Burgas - Sofia
Burkina Faso - Abidjan
Burlilngton, VT  - Boston, MA
Burlington, IA - Quincy, IA
Burlington, VT - Albany, NY
Burlington, VT - Whitefield, NH
Burlington, WA - Friday Harbor, WA
Busia - Nairobi
Butte, MT - Kooskia, ID
Butterworth - Kota Bharu
C. Amalie, VI - San Juan, PR
Cabo Ruivo - Funchal
Cagayancillo - Puerto Princesa
Cagliar - Genoa
Cagliari - Rome
Cagliari, Terranova - Rome
Cairns - Hicks Island
Cairns or Mareeba, Australia - Los Negros Island
Cairo - Aden
Cairo - Alexandia
Cairo - Alexandria
Cairo - Bangkok
Cairo - Basrah
Cairo - Beirut
Cairo - Bunia
Cairo - Damascus
Cairo - Dismascus
Cairo - Luxor
Cairo - Manama
Cairo - Moscow
Cairo - Nicosia
Cairo - Rome
Cairo - Sharjah
Cairo - Tunis
Cairo - Yamen
Cairo, Egypt  - Beirut, Lebanon
Cairo, Egypt - England
Calcutta - Delhi
Calcutta - Dinjan
Calcutta - Imphal
Calcutta - Patna - Lucknow - New Delhi
Calgary - Cranbrook
Calgary - Moosejaw
Callao - La Libertad
Cam Ranh Bay AB - Siagon
Camaguey - Santiago de Cuba
Camiri - Itaguasurenda
Camiri - Santa Cruz
Camiri - Sucre
Camp Grande - Londrina - Sao Palo
Camp Springs, MD - San Antonio, TX
Campbell Lake - St Jovite
Campbell River - Smithers
Campeche - Mérida
Campo Militar Marte - Ciudad de Cuernavaca, Morelos
Campos - Rio de Janeiro
Campos, Brazil  -  Off-shore oil rig
Canaima - C iudad
Canaima - Ciudad Guayana -Charallave
Canaima - Porlamar
Canaina - Ciudad Bolivar - Por La Mar
Canoas - Rio de Janeiro
Canton - Chungking - Hong Kong
Canton - Shanghai
Canton - Shanghi
Caomo - San Juan
Cap Haitien - Port au Paix
Cape Chelyuskin - Sterligov Cope
Cape Town - Johannesburg
Caracas - Barquisimeto
Caracas - Cumana
Caracas - Latacunga
Caracas - Merida
Caracas - Pointe a Pitre
Caracas - Pointe a Pitre, Guadeloupe
Caracas - Praira da Vitoria
Caracas - Puerto Ayancucho
Caranavi - Rurrenabaque
Carazinbo - Passo Fundo
Cardiff, Wales, UK - Girona, Spain
Cardington, England - Karachi, Pakistan
Caribou Lake, AK - Nikiski, AK
Carrasco - Salto-Nueva Hesperides
Carrizozo, NM - Albuquerque, NM
Carson City, NV - San Jose, CA
Carterville, GA  - Montgomery, AL
Casablanca -  Algiers
Casablanca - Alicante
Casablanca - Alicante - Barcelona - Perpignan - Toulouse
Casablanca - Alicante - Perpignan - Toulouse
Casablanca - Bahat - Toulouse
Casablanca - Oran
Casablanca - Perpignan
Casablanca -Dakar
Casablanca, Morocco - Dakar, Senegal
Casablanca, Morocco - Paris France
Cashaschanes - Sumacal
Casper - Cody
Casper, WY - McAllen, TX
Catania - Rome
Cayenne - Port-au-Prince
Cazid, Spain - Rome, Italy
Cebu - Bacolod
Cebu - Davao
Cebu - Hoilo
Cebu - Iligan
Cebu - Manila
Cebu - Pampanga
Cebu-Naga
Centrailia, IN - Columbus, IN
Chabau, India - Karachi, Pakistan
Chabua - Karachi
Chaibukha - Provedenia
Chamblee, GA - Fort Myers,FL
Chandigarh - Leh
Changi, Singapore - Kota Baru
Chania - Athens
Channel Islands - Southhampton
Charleston - Conway
Charleston, SC - Charlotte, NC - Chicago, IL
Charleville - Tambo - Blackall
Charlotte - New York City
Charlotte, NC - Gainsville, GA
Charlotte, NC - Greer, SC
Charlotte, NC - Monroe, NC
Charlotte, NC - Pinehurst, NC
Charlston - Savannah
Cheboksary - Bugulma
Chekurdakh - Tiksi
Chelan - Stehekin
Chelyabinsk - Perm
Chengdu - Hoikow
Chengdu - Wenzhou
Chennai (Tambram AFB) - Port Blair
Cherboug - Les Prevosts
Chernivtsi - Kiev
Cherry Point, NC - El Centro, CA
Chersky - Bilibino
Chetumel - Merida
Cheyenne - Salt Lake City
Cheyenne, WY - Lincoln, NE
Chicago - Beaver Island
Chicago - Burbank
Chicago - Cleveland
Chicago - Dallas
Chicago - Daytona
Chicago - Des Moines.
Chicago - Detroit
Chicago - Kalamazoo
Chicago - Kansas City, MO
Chicago - Las Vegas
Chicago - Los Angeles
Chicago - Mexico City
Chicago - Miami
Chicago - Minneapolis
Chicago - Montreal
Chicago - New York City
Chicago - New York City / Columbus - New York City
Chicago - Newark
Chicago - Pittsburgh
Chicago - Seattle
Chicago - St. Louis
Chicago - Tampa
Chicago - Washington D.C.
Chicago, IL - Appleton, WI - Sheboygan, WI
Chicago, IL - Detroit, MI
Chicago, IL - Michigan City, IL
Chicago, IL - Oklahoma City, OK
Chicago, IL - Peoria, IL
Chicago, IL- Los Angeles, CA
Chichen Itza - Cozumel
Chiclayo - Chachapoyas
Chico, CA - Billings, WY
Chimbu - Goroka
Chinle - Alamosa
	
Chinle - Alamosa
Chino,CA - Sun Valley, ID
Chita - Bagdarin
Chita - Zeya
Chitose - Tokyo
Chitral - Islamabad
Chittagong - Dhaka
Chittagong-Patenga - Dhaka
Chkalovsky AB -Ader - Latakia, Syria
Chokurdakh - Batagay
Chongqing - Kunming
Chongqing - Shenzen
Chrisinau, Moldova - Antalya, Turkey - Sudan
Christchurch - Palmerston North
Chungking - Kunming
Chunking - Shanghai
Chunking - Shanghi
Churchchrist - Paraparaumu
Churchhill - Winnipeg
Cienfuegos -- Cayo Coco
Cincinnati - Atlanta
Cincinnati - Charleston, WV
Cincinnati - Cleveland
Cincinnati - Detroit
Cincinnati - Los Angeles
Cincinnati, OH - Hickory, NC
Cincinnati, OH - Pierre, SD
Ciudad - La Centella
Ciudad Bolívar - Uonquén
Ciudad Juarez - Mexico City
Clark AFB - Japan
Clark Field, Philippines - Taipei, Taiwan
Clarksburg - Washington DC
Cleveland - Chicago
Cleveland - Detroit
Cleveland - Detroit - Denver
Cleveland - Fort Wayne - South Bend - Chicago
Cleveland - Indianapolis
Cleveland - Louisville
Cleveland - Memphis
Cleveland, OH - Madison WI
Coari - Manus
Coca - Pastaza
Cochabamba - La Paz
Cochabamba - Oruro
Cochabamba - Rio de Janeiro
Coeur d'Alene, ID - Missoula, MT
Cold Bay - False Pass
Cold Bay, AK - Adak, AK
Cold Bay, Alaska - Seattle, Washington
Colfax - Spokane
Cologne -  Berlin
Cologne - Brussels - London
Cologne - Saarbrucken
Cologne, Germany - Croydon, England
Colombia, SC - Los Angeles, CA
Colombo - Dubai
Colombo - Kalmunai
Colombo - Male, Maldives
Colombo - Palay AFB
Colombus - Mansfield
Colombus - Toledo
Colon - Panama City
Columbia, SC - Charlotte, NC
Columbus - Los Angeles   Los Angeles - Fresno
Columbus - McKeesport
Columbus - Washington D.C.
Columbus, OH - Buffalo, NY
Columbus, OH - Difiance, OH
Comodoro Rivadavia - Cordoba
Comox, BC - Greenwood,NS
Conakry, Guinea - Cotonou, Benin - Beirut, Lebanon
Concord, CA - Novato, CA
Concord, MA - White Plains, NY
Concord, NC - Martinsville, VA
Concord, NH - Greenville, ME
Condorcanqui - Bagua
Condoto - Cali
Condoto - Medellin
Constanta - Bucharest
Constantinople - Budapest
Coolangatta - Brisbane
Copan - Nuovo Octopeque
Copenhagen - Amsterdam
Copenhagen - Los Angeles - Seattle
Copenhagen - Oslo
Copenhagen - Paris
Copenhagen, Denmark - Budapest, Hungary
Cordoba Pajas Blancas - Buenos Aires, Brazil
Cordova - Anchorage
Cordova - Ancorage
Corfu - Naples
Cork - London
Coron Island - Manila
Corpus Christi - Norfork
Corrientes - Rosario
Costermansville - Leopoldville
Cotabato - Davao
Cotabato - Malabang - Iligan - Cayagan de Oro
Cotabato Cty - Zamboanga City
Cotonou - Douala
Cotonou - Kinshasa
Covington, KY - Nashville, TN
Cox's Bazar - Jessore
Cozumel - Chichen Itza
Cozumel - Ramos Arizpe
Croyden - Amsterdam - Berlin
Croydon - Amsterdam
Croydon - Brussels
Croydon - Le Bourget
Croydon - Le Mans
Croydon - Manchester
Croydon - Paris
Croydon - Schiphol
Croydon, England - Paris, France
Cruzeiro do Sul - Tarauaca - Rio Branco
Cruzerio do Sul - Rio Branco
Cuayan - Manila
Cubatao - Navegantes
Cucuta - Arauca
Cucuta - Cartagena
Cucuta - El Yopal
Cucuta - Tame
Cuenca - Macas
Cuiaba - Manaus
Cuiaba - Rondonopolis
Cuiaba - Vihena - Rondonia
Cullman, AL - Louisville, KY
Cumana - Caracas
Cumana - Porlamar
Curacao - Bonaire, Netherlands Antilles
Curacao - Miami
Curacao - Port-au-Prince
Curitiba - Jundiai
Curitiba, PR - Rio de Janeiro
Cuzco - Lima
Da Lat - Nha Trang
Da Nang - Camp Eagle
Da Nang - Saigon
Daet - Manila
Dagget, CA - Loma Linda, CA
Dakar - Agadir
Dakar - Casablanca
Dakar - Casablanca - Alicante - Perpignan - Toulouse
Dakar - Yoff - Cap Skiring
Dakhla - Guelmim - Kinitra
Dalian - Shanghai
Dallas -  Atlanta
Dallas - Houston
Dallas - Shreveport
Dallas - Tucon - San Diego
Dallas - Waco
Dallas, TX - Altus, OK
Dallas, TX - Lubbox, TX
Dallas, TX - San Diego, CA
Dallas-Fort Worth - Little Rock
Dallas-Fort Worth - Toronto
Dallas/Fort Worth, TX - Salt Lake City, UT
Damascus - Aleppo
Damascus - Ankara
Dar es Salaam - Matabwe
Dar-es-Salaam - Cairo
Dar-es-Salaam - Nairobi
Darwaza - Ashgabat
Darwin - Baucau
Darwin - Surabaya, Dutch East Indies
Davao - Manila
Davenport, IA - Davenport, IA
David - Changuinola
Dayton, OH - Ft. Dix, NJ
Dayton, OH - Montreal, Canada
Dayton, Ohio -
Deadhorse - Nuiqsut
Deadhorse, AK - Eskimo Island, AK
Dearborn - Buffalo
Deauville, France - London, England
Decatur - Rockford
Decatur Island, WAAnacortez, WA
Dehli - Karachi
Dekari - Wamena, Indonesia
Delh - Ahmedabad - Bombay
Delhi - Bombay
Delhi - Dacca
Delhi - Ranchi
Delhi - Rome - London
Delhi - Shimla - Kulu
Delhi - Sringagar
Delivery flight
Demo flight
Demonistration
Demonstration
Demonstration flight
Denpasar - Surabaya
Denpasar - Taipei
Denver - Colorado Springs
Denver - Montrose
Denver - Ogden Hill AFB, Utah
Denver - Portland
Denver - Salt Lake City
Denver - Salt Lake City - San Francisco
Denver - Vail
Denver - Wichita
Denver, CO - Aspen, CO
Denver, CO - Boise, ID
Denver, CO - Chicago, IL
Denver, CO - Durango, CO
Denver, CO - Gillette, WY
Denver, CO - Grandby, CO
Denver, CO - Scottsbluff, NE
Detroit - Akron
Detroit - Chicago
Detroit - Erie - Bradford - Washington D.C.
Detroit - Kansas City
Detroit - Los Angeles
Detroit - Pellston
Detroit - Pittsburg
Detroit, MI - Alpena, MI
Detroit, MI - Chicago, IL
Detroit, MI - Hot Springs, VA
Detroit, MI - Kansas City, MO
Detroit, MI - Lexington, KY
Detroit, MI - Louisville, KY
Detroit, MI - Peducah, KY
Detroit, MI - Phoenix, AZ
Dezful - Mashhad
Dhahran - Karachi
Dhaka - Kathmandu
Dieppe, France - New Haven, England
Dietrich, AK - Happy Valley, AK
Dijan - Kunming
Dillingham - King Salmon
Dillingham, AK - Anchorage, AK
Dillingham, AK - Return
Dinjan - Suifu
Dire Dawa - Djibouti
Diyarbakir - Ankara
Djakarta - Amsterdam -  Bangkok - Rangoon (Burma)
Djibouti - Obock
Dnepropetrovsk - 	Vinnitsa
Dnepropetrovsk - 	Zhdanov
Dnepropetrovsk - Moscow
Dodoma - Dar es Salaam
Doha - Sharjah
Donetsk - Ivanovo
Donetsk - Sochi /Rostov na Donu - Kerch
Dorango - Leon - Mexico City
Dothan, AL - Hazelhurst, GA
Douala - Fort Lamy
Douala - Lagos
Douala - Lisboa
Douala - Niamey
Douala - Yaounde
Dover AFB - Lajes, Azores
Dover, Delaware - Mildenhall, England
Drayton - Multa
Dryden - Winnipeg
Dubai - Bonn, Germany
Dubai - Kandahar - Kabul
Dubai - Kerman
Dubai - Rostov
Dubai, UAE - Mangalore, India
Dublin, Ireland - Addis Ababa
Dubois, PA - Lancaster, PA
Dubois, PA - Roanoak, VA
Dulac, LA - Gulf oil platform
Dum Dum - Agartala-Singerbhil - Kumbhirgram
Durango - Otaez
Durban - Cape Town
Durban - Johannesburg - London
Durban - Pietemaritburg, South Africa
Dushanbe - 	Leninabad
Dushanbe - Sharjah
Dusseldorf, West Germany - United States
Dwando - Brazzaville
Dyess AFB - Hawaii
Dzhida - Boda
East Midlands - Coventry
Edinburgh - Belfast
Edinburgh - Coventry
Edinburgh - London
Edmond, Alberta - High Prarie, Alberta
Edmonton - Anchorage, AK
Edmonton - Point Alert
Edmonton, AB - Yellowknife, NT
Eglisau - Prague
Egypt - England
Eirunepe - Tabatinga
El Bolson - Rivadavia
El Dorado, AR - Houston, TX
El Obeid - Juba
El Obeid - Khartoum
El Palomar AB - San Carlos de Bariloche
El Paso - Dallas
El Paso - Del Rio
El Paso, TX - Pueblo, CO
El Salvador - New Orleans
El Secreto - Bogota
El Toro -  Honolulu - Okinawa
El Toro MAS - Alameda NAS
El Vigia - Caracas
El Vigia - San Domingo
El Yopal - Mitu
El Yopal - Tame
El-Gora - Santa Katarina
Elemndorf AFB - Kodiak NAS
Elizabeth City - Manteo
Elizovo - Dukup
Elkhorn, WI - Chicago, IL
Elko- Salt Lake City
Ellsta - Makhackala
Ellsworth AFB - Fairchild AFB
Elmendorf - Great Falls, MT
Elmendorf AFB - Adak
Elmendorf AFB - Big Delta
Elmindorf AFB, Anchorage - Ladd Field, Fairbanks
Elmira - Washington DC
Ely, NV - Elko, NV
Emmonak - Aniak
England - Brussels
England - Long Island, N.Y.
England - Prague
Enshi - Wuhan
Entebbe - Kinshasa
Entebbe, Uganda - Luxor, Egypt - Niklaev, Ukraine
Entebbe, Uganda - Mogadishu, Somalia
Enugu - Calabar
Ephrata, WA - Portland, OR
Erdenet - Moron
Erzurum - Incirlik
Espírita Santo - Port Vila
Essen - Dortmund - Frankfurt
Estencia el Trompillo - La Paz
Estrecho - Iquitos
Eugene - Portland
Evansville - Nashville
Exercise
Exercises
Fairbanks - Bethel - Minchumina
Fairbanks - Bettles
Fairbanks - Happy Valley Camp
Fairbanks - Prudhoe Bay
Fairbanks - Seattle
Fairbanks - Shemya AFB
Fairbanks - Yakutat
Fairbanks, AK - Dietrich, AK
Fairbanks, AK - Local
Fairbanks, AK - Lupine, AK
Fairbanks, AK - Prudhoe, Alaska
Fairbanks, AK - Valdez, AK
Fairfield, N.J. - Martha's Vineyard, MA
Faisabad - Daraim
Fallon, NV - Austin, NVq
Fallujah - Baghdad
Farewell - Anchorage
Farmingdale - Groton
Felipe Carrillo Puerto - Chetumal
Fernando de Noronha -  Recife
Ferrying fire fighters
Ferrying troops
Fire Island, AK - Anchorage, AK
Fish Egg Inlet - Pruth Bay
Flagstaff - Phoenix
Flagstaff, AZ - Mesa, AZ
Flint, MI - Washville, IL
Flint, MI - Whitelake, MI
Florence - Neiva
Florence - Rome
Florencia - Bogota
Florencia - Cali
Florencia - Puerto Asis
Florianopolis - Curitiba
Florianpolis - Porto Alegre
Flushing, NY - Atlantic City, NJ
Fond-du-Lac - Stony Rapids
Fornebu - Hommelvik
Fort Belvoir - Patuxent River NAS
Fort Lamy - Beirut
Fort Lamy, Chad - Marseilles, France
Fort Lauderdale - Cozumel, Mexico
Fort Lauderdale - Dallas-Fort Worth
Fort Lewis, WA - Indian springs, NV
Fort Mc Murray - La Loche
Fort Nelson - Ross River
Fort Norman - Fort Franklin
Fort Smith - Newark
Fort Walton Beach, Fl - Oceana Naval Air Station, VA
Fort Wayne, IN - Milwaukee, WI
Fort Worth - Lubbock
Fort Worth, TX - Oklahoma City, OK
Fort de France - Port Etienne
Fort de France - Saint Johns, Antigua
Fort-de-France, Martinique - Port- Etienne, Mauritania
Fortin Campero - Tarija
Fox Glacier Airstrip - Fox Glacier Airstrip
Foynes, Ireland - Botwood, Newfoundland - New York
France - Athens
Francistown - Malawi
Frankfort - Bordeaux
Frankfort - Rimini
Frankfurt - Berlin
Frankfurt - Bremen
Frankfurt - Brussels
Frankfurt - Erfurt
Frankfurt - Frankfurt
Frankfurt - Lakehurst N.J.
Frankfurt - London
Frankfurt - Paris
Frankfurt - Warszawa
Frankfurt, Germany - Milan, Italy
Freeport, Grand Bahamas - West Palm Beach, FL
Freetown - Kailahun
Fresno, CA - Santa Ana, CA
Fresno, CA - Santa Barbara, CA
Fresno, CA - Santa Monica, CA
Frobisher Bay, Baffin Island - Fort Chimo, Quebec
From Gauchar airstrip
Frunze, Kyrgyzstan - Leninabad, Tajikistan
Ft. Lauderdale - Bahama Island
Ft. Lauderdale - Bimini
Ft. Lauderdale, FL - Treasure Cay
Fukuoka - Denpasar
Fukuoka - Taihoku
Fukuoka - Tokyo
Furatena - Quipama - Boyaca - Bogota
Gainsville - Jacksonville
Gallup, NM - Battle Mountain, NV
Gallup, NM - Rapid City, SD
Galveston, TX - Houston, TX
Gander - Fort Campbell, KY
Gander - Havana
Gander - Shannon
Gander, Newfoundland - Frankfurt, Germany
Gao, FWA - Nice, France
Gas platform Clipper - drilling rig Golbal Sante Fe Monach
Gaspé - Îles-de-la-Madeleine
Gaughail - Tezpur
Gauhati - Calcutta
Geneva - Bordeaux
Geneva - Funchal
Geneva - London
Geneva - Nice
Geneva - Rome
Genèva- Skopje
Georgetown - Toronto
Geraldton - Derby
Giessen - Bad Homberg
Gilgit  - Islamabad
Gilgit - Islamabad - Chaklala
Gilgit - Rawalpindi
Gisborne - Auckland
Gisborne - Hastings
Gizel - Khankala
Glascow -Tamanraset - Equitorial Guinea
Glasgow - Aberdeen
Glasgow - Campbeltown
Glasgow - Dublin
Glasgow - Port Ellen
Glentanner - Queenstown
Godman AFB - Charleston, WV
Godo Holo Air Strip - Paramaribo
Gods Narrows - Shamattawa
Gohu - Madang
Gold Beach, OR - Metford, OR
Golovin, AK - Elim, AK
Goma - Bunia, DCR
Goma - Isiro
Goma - Kindu - Kongolo
Goma - Kisangani
Goma - Kisangani - Kinshasa
Goma - Walikale
Goma-Nairobi
Gomel - Kunovice
Goose Bay - Davis Inlet
Goose Bay - Westover Field, MS
Gorkiy - Liepaya
Governador Valadares - Belo Horizonte
Governors Harbour - Lynden Pindling Int
Grace Park AF - Lucena
Grada Zuma, Bahamas - Cape Hatien
Grahamtown - Queentown
Grand Canyon - Grand Canyon
Grand Canyon - Las Vegas
Grand Canyon NP - Las Vegas
Grand Canyon National Park
Grand Canyon, AZ - Denver, CO
Grand Canyon, AZ - Las Vegas, NV
Grand Forks - Bismark
Grand Junction, CO - Somerset, CO
Grand Rapids, MI - Gary, IN
Great Falls - Bozeman
Great Falls - Denver, Colorado
Great Falls - Pocatello - Salt Lake City
Green Bay - Ft. Myers, Fl
Greensboro - Raleigh
Greensville, NC - Philadelphia, PA
Greenville - Baton Rouge
Greenville, KY - Marion, IL
Greenville, MS - Charlotte, NC
Greenville, SC - Colombia, SC
Griffin - Americus
Griffith-Merrill, IN - Somerset, KY
Groton, CT - Concord, CT
Groton, CT - Fisher Island, NY
Groton, CT - New York, NY
Guadalajara - Mexico City
Guadeloupe - St. Maarten
Guam - Clark AB
Guam - Iwo Jima
Guam - Wake Island
Guanabara - Victoria
Guangzhou - Changsha
Guangzhou - Chongqing
Guangzhou - Guilin
Guangzhou - Hong Kong
Guangzhou - Shanghi
Guangzhou, China - Tokyo, Japan
Guarulhos - Londrina
Guatamala City - La Aurora
Guatemala City - Cantabal
Guatemala City - El Estor
Guatemala City - Flores
Guatemala City - La Tinta
Guatemala City - San Pedro Sula, Honduras
Guatemala City - San Salvador
Guatemala City - Tikal
Guayaquil - Cuenca
Guayaquil - Quito
Guayaramerin - Santa Cruz
Guaymaral - Bahia Solano
Guernsey - Jersey
Guildford - Darwin
Guildford - Melbourne
Guilin - Beijing
Gullfflex B - Bergen
Guntersville - Dallas/Ft. Worth
Gustavus, AK - Haines, AK
Guwahati - Calcutta
Gwalior -  Pokhran - New Delhi
Gwalior - Delhi
Haamstede - Vlissingen
Hailey, ID - Boise, ID
Haines, AK - Skagway, AK
Haines, AK - Wrangell, AK
Halifax - Sidney NS
Halifax, NS - Santa Maria, Portugal
Haliive, HI  - Honolulu, HI
Hallo Bay, AK - Homer, AK
Hamada al Hambra - Tripoli
Hamburg - Berlin
Hamburg - Rio de Janeiro
Hamburg, Germany - Malaga, Spain
Hamburg-Frankfurt-Paris-Lisbon-Dakar-Senegal-Rio Janerio
Hamilton -  New Plymouth
Hamilton Island - Lindeman Island
Hamilton, Ont, Can.- Shreveport, LA - Saltillo, Mexico
Hankou - Peking
Hannover - Dusseldorf
Hanoi - Bangkok
Hanoi - Na San
Hanoi, Vietnam - Paris, France
Hanover, West Germany - Skien, Norway
Harbin - Yichun
Hargeisa - Mogadishu
Harlingen - El Paso
Harlingen, TX - Austin, TX
Harrisburg - Willamsport
Hartford, CT - Newburg, NY
Hassi R'Mel - Ghardaïa
Hat Yai - Phuket
Hattiesburg, MS - Gulfport, MS
Havana - Guatemala City
Havana - Köln, Bonn
Havana - Lisbon - Madrid
Havana - Managua
Havana - Mexico City
Havana - Valencia
Havana, Cuba - 	Nueva Gerona
Havana- Holguin
Hawaii - San Francisco
Hawthorne, NV - Burbank - Long Beach
Hazelton, PA - Philadelphia, PA
Heho - Mong Hsat
Helena - Butte
Helena - Denver
Helsink - Ilmajoki
Heraklion, Greece - Cairo, Egypt
Herat - Kabul
Hickam AFB - Pango Pango
Hickham AFB - Travis AFB
Hilo - Honolulu
Hilo, HI - Honalulu, HI
Hilo, HI - Kahului, HI
Hinckley, IL - Louisburg, NC
Hiva Ou - Nuku Hiva
Ho Chi Minh City - Bangkok
Ho Chi Minh City - Nha Trang
Ho Chi Minh City - Phnom Penh
Hobart - Melbourne
Holtville - San Diego
Holvox Island - Playa del Carmen
Homer - Anchorage
Homer, AK - Local
Hong Kong - Bali, Indonesia - Sydney, Austrailia
Hong Kong - Bangkok
Hong Kong - Bishkek - Istanbul
Hong Kong - Chungking
Hong Kong - Da Nang
Hong Kong - Formosa
Hong Kong - Iwakuni, Japan
Hong Kong - Jakarta
Hong Kong - Kuala Lumpur
Hong Kong - Saigon
Hong Kong - Singapore
Hong Kong - Taipei
Hong Kong - Tokyo
Hong Kong Kai Tak Airport - Tainan AFB, Formosa (Taiwan)
Honolulu - Kona
Honolulu - Lihue
Honolulu - Los Angeles
Honolulu - Nadi, Fiji
Honolulu - Pago Pago - Auckland
Honolulu - San Francisco
Honolulu - Vancouver
Honolulu, HI - Lanai, HI
Honolulu, HI - Lihue, HI
Honolulu, HI - Molokai, HI
Hopkinsville, KY - Lexington, KY
Horn Island - Coconut Island
Hoskins - Kandrian
Houlton, ME - Portland, ME
Houma, LA - Return
Houston - Dallas
Houston - Dallas-Fort Worth
Houston - Puerto Vallarta
Houston, TX - Austin, TX
Houston, TX - Brownwood, TX
Houston, TX - Gulfport, MS - New Orleans, LA
Howard AFB - Tegucigalpa
Howard AFB - Trujillo AP
Howard AFB, Panama - La Paz, Bolivia
Hradec Králové - Kiev
Hsinchu - Kao Hsiung
Hualien - Taipei
Huambo - Luanda
Huambo - Saurimo
Huanuco - Pucallpa
Huanuco - Tingo Maria
Hue - Da Nang
Hue - Khe Sanh
Hue - Tourane
Hughes, AK - Galena, AK
Humbolt, TN - Paintsville, KY
Humiata - Altamira
Huntsville - Atlanta
Huntsville-Houston
Hwa-Lien
Hyannis - Nantucket
Idlewild - Newark
Igarka - Krasnyi Selkub
Igarka - Omsk
Ilaga - Mulia
Iliamna - Anchorage
Iliamna - Remote lake
Ilianma, AK - Koliganek, AK
Iloilo - Cebu
Iloilo - Manila
Imnaha, OR - Fort Fairfield, ME
India - Cambridge, England
India - London
Indianapolis - Bakalar AFB
Indianapolis - Chicago
Indianapolis, IN - Chicago, Il
Inishmaan - Connemara
Instructional Flight
Inuvik - Paulatuk
Inverness - Lerwick
Iqaluit - Markham Bay
Iquitos - Andoas
Iquitos - Pucallpa
Irkutsk - 	Bratsk
Irkutsk - Chita
Irkutsk - Kazachinskoye
Irkutsk - Moscow
Irkutsk - Novosibirsk
Irkutsk - Omsk
Irkutsk - Vladivostok
Irkutsk - Zeleznogorsk
Isfahan - Tehran
Isfahan - Terhan
Islamabad - Kohat
Islay - Glascow
Isle of Man - Dublin, Ireland
Isle of Man - Manchester
Isles of Scilly - Penzance, Cornwall
Istanbul - Ankara
Istanbul - Ankara - Diyarbakir
Istanbul - Antalya
Istanbul - Bozuyuk
Istanbul - Bucharest
Istanbul - Ercan
Istanbul - Isparta
Istanbul, Turkey - Amsterdam, Netherlands
Istanbul, Turky - Moscow, Russia
Istanbul-Athens-Rome-Geneve-Copenhagen-Stockholm
Ithaca, NY - Jackson, MI
Ivano-Frankovsk, Ukraine - Uzhgorod, Ukraine
Iwakuni - Fulemma, Okinawa
Iwo Jima AFB - Tachikawa AFB
Iyachisakus Lake - Mollet Lake
Izmir - Istanbul
Jackson Hole, WY - New York, NY
Jackson, MI - Kansas City, KS
Jackson, MS - Laurel, MS
Jacksonville - Tampa
Jacksonville NAS - Guantanamo Bay, Cuba
Jacksonville, FL - Atlanta, GA
Jacksonville, FL - Gainsville, FL
Jacobabad - Shamsi
Jaffna - Colombo
Jaffna/Palaly AFB - Anuradhapura AFB
Jakarta - Bandar
Jakarta - Bandung
Jakarta - Hatta - Singapore
Jakarta - Maduin
Jakarta - Medan
Jakarta - Menado via Surabaya
Jakarta - Padang
Jakarta - Palembang
Jakarta - Pangkal Pinang
Jakarta - Surabaya - Ujung Pandang - Ambon
Jakarta - Tanjung Pandan
Jakarta - Yogyakarta
Jakarta - aerial survelliance
Jakarta, Indonesia - Solo, Indonesia
Jalapa - Cordoba
Jamaica, NY - Allentown, PA
Jamaica, NY - Washington D.C.
Jamba - Pretoria
Jamba Airport - ?
Jananjui - Tocache - Tingo Maria - Lima
Janeiro - Buenos Aires
Jask to Sharjah
Java - Australia
Java - Broom, Australia
Java - Jakarta
Jayapura - Oksibil
Jayapura - Sarmi
Jayapura - Wamena
Jayapura- Oksibil
Jeddah - Aswan
Jeddah - Benghazi
Jeddah - Colombo
Jeddah - Karachi
Jeddah - Lagos
Jeddah - Sokoto
Jeddah - Tripoli
Jersey, Channel Islands - Portsmouth, England
Jerusalem - Cairo
Jerusalem - Dobouk
Jesup - Chicago
Jiech - Ayod
Jinhae - Ockpo
Johannesberg - Orapa Mine, Botswana
Johannesberg - Salisbury - Brazzaville - Nice - Paris
Johannesburg - Accra - Monrovia - New York
Johannesburg - Jamba
Johannesburg, South Africa  - Oranjemund, Namibia
Johannesburg, South Africa - Tripoli, Libya
John Day, OR - Salem, OR
Jomsom - Pokhara
Joplin - Owasso
Jos - Kano
Jos - Yola
Juara - Cuiaba
Juba - Paloich
Juba - Wadi Halfa
Juba, Sudan - Nairobi, Kenya
Juliaca - Arequipa
Jumla - Nepalgunj
Jumla - Surkhet
Juneau - Annette Island
Juneau - Hoonah
Juneau - Ketchikan
Juneau, AK - Return
Juneau, AK - Tenakee, AK
Juticalpa - Catacamas
Kabul  - Amritsar, India
Kabul - Jalalabad
Kabul - Kandahar - Lashkar Gah
Kabul - Khowst
Kabul - Mazar-i- Sharif
Kabul - Tashkent
Kabul - Zaranj
Kabul, Afghanistan - Trabzon, Turkey - Zaragoza, Spain
Kaduna - Lagos
Kagoshima - Oita
Kahului - Hoolehua
Kahului, Maui - Kaunakakai, Molokai
Kalaupapa - Honolulu
Kalaupapa - Lihue
Kalibo - Manila
Kaliningrad - Kaliningrad
Kama - Kapmene
Kamchatka - Kuril Islands
Kamina - Jamba
Kamina - Lubumbashi
Kampi ya Kanzi Airstrip - Loitokitok
Kandahar - Farah
Kandahar - Herart
Kandahar - Kabul
Kangnung - Seoul
Kano - Bamako
Kano - Ikeja
Kano - Lagos
Kano - Tripoli
Kansas City - Chicago
Kansas City - Chicopee
Kansas City - Dyersburg - Nashville
Kansas City - Wichita -  Los Angeles
Kansas City, MO - Chicago
Kansas City, MO - Chicago, IL
Kansas City, MO - New York
Kansas City, MO - Omaha
Kansas City, MO - Omaha, NB - Sioux City, Iowa
Kansas City, MO - Phoenix - Burbank
Kansas City, MO - Raton, NM
Kansas City, MO - York, NE
Kaohsiung - Chi-mei
Kaohsiung - Hualien
Kaohsiung - Magong
Kaohsiung - Taipei
Karabi - Koh Samui
Karachi - Abu Dhabi
Karachi - Australia
Karachi - Bahrain
Karachi - Bombay
Karachi - Dehli
Karachi - Dhahran - Cairo - Geneva - London
Karachi - Islamabad
Karachi - Istanbul
Karachi - Jeddah
Karachi - Kathmandu
Karachi - Khartoum
Karachi - Lohore
Karachi - Oil compound in Sindh province
Karachi - Rangoon
Karachi - Tashkent
Karaganda - Moscow
Kardjali - Sofia
Kariba - Salisbury
Karlstad - Stockholm
Karluk - Kodiak
Karshi - Leningrad
Karsnoyarsk - Igarka
Kartoom - El Obeid - El Fasher
Kassala - Khartoum
Kassan, AK - Coffman Cove, AK
Kassel - Frankfurt
Katherine - Adelaide
Kathmandu - Bharatpur
Kathmandu - Delhi
Kathmandu - Lukla
Kathmandu - New Delhi
Kathmandu - Pokhara - Jumla
Kathmandu - Rumjatar
Katmandou - Lukla
Katmandu - Lukla
Katmandu - New Deli
Katmandu - Simra
Kato - Kopinang
Kavallo - Athens
Kavanayen - Luepa
Kawait - Kabul
Kayenta, AZ - Tucon, AZ
Kazan - 	Sverdlovsk
Kazan - Chelyabinsk - Alma-Ata
Kazan - Perm
Keahole, HI - Kahului, HI
Kelly AFB - Warner Robins AFB
Kenai - McGrath - Kotzebue
Kenai, AK - Anchorage, AK
Kenai, AK - Gulkana, AK
Kenai, AK - Return
Kenmore, WA - Lake Hatheume, Canada
Kenya - Somalia
Kerkira - Athens
Ketchikan - Juneau
Ketchikan, AK - Craig, AK
Ketchikan, AK - Hydaburg, AK
Ketchikan, AK - Metlakatla, AK
Ketchikan, AK - Wrangell, AK
Ketichikan, AK - Security Cove, AK
Key West - Gainsville, FL
Key West Harbor - Key West
Khabarovk - Petropavlovsk
Khabarovsk - Ayan
Khabarovsk - Irkutsk
Khabarovsk - Yuzhno-Sakhalinsk
Khanty - Surgut
Kharkiv, Ukraine - Trabzon, Turkey - Isfanan, Iran
Kharkov, Ukraine - Moscow
Khartoum - Castel Benito
Khartoum - Juba
Khartoum - Juba - El Obeid
Khartoum - Rome
Khartoum - Talodi
Khartoum - Tunis
Khatanga - Moscow
Khewra - Peshawar
Khmelnitsky - Kiev, Ukraine
Khoke Kathiam - Vaong Nong
Khon Kaen - Bangkok
Khorag - Dushanbe
Khost to Kabul
Kiana, AK - Kotzebue, AK
Kiana, AK - Selawik, AK
Kiev - Kazan
Kiev - Vinnitsa
Kiev, Russia - Tehran, Iran
Kigali, Rwanda - Entebbe, Uganda
Kildala - Vancouver
Kilo Lima - Kelawit
Kimpo AB - Tokyo, Japan
Kimusi - Purari
Kindu - Kinshasa
King Cove, AK - Cold Bay, AK
King Salmon - Dillingham
King Salmon, AK - Kodiak, AK
Kingman, AZ - Deming, NM
Kingston, Jamaca - San Jose
Kingston, Jamacia - Maracaibo, Venezuela
Kingston, NC - Huntington, WV
Kinshasa - Bandundu
Kinshasa - Kahemba
Kinshasa - Kisangani
Kinshasa - Lubumbashi
Kinshasa - Luluaburg
Kinshasa - Mbandaka
Kinshasa - Tshikapa
Kinshasa, Congo  - Athens, Greece
Kira-Kira - Honiara
Kirensk - Badaybo
Kirensk - Irkutsk
Kirtland AFB - Nellis AFB
Kisangani - Bukavu - Goma
Kisangani - Bunia
Kisangani - Kinshasa
Kisangi - Goma - Bukavu
Kish Island - Sharjah
Kissimmee - Opa
Kisumu - Alexandria
Kitale - Nairobi
Kluhori - Kluhori
Knob Lake - Oreway
Knoxville, TN - Andrews, NC
Kobenhavn - Stockholm
Kodiak - Dutch Harbor
Kodiak - Homer
Kodiak, AK - Ouzinkie, AK
Koenigberg - Berlin
Kokand - Kabul
Kokkola - Vaasa
Kokshetau - Almaty, Kazakhstan
Komsomol'sk-na-Amure - Blagoveshchensk
Kongolo - Goma
Korat AFB - Bangkok
Kostroma -Kvanovo
Kota - Kudat
Kota Kinabalu - Tawau
Kranoyarsk - Kirensk
Krasnadar - Gyumri
Krasnodar - 	Psebai
Krasnodar - Omsk
Krasnodar - Tbilisi
Krasnodar - t:	Simferopol
Krasnovodsk - Ashgabat
Krasnoyarsk - 	Petropavlovsk
Krasnoyarsk - Abakan
Krasnoyarsk - Irkutsk
Krasnoyarsk - Kodinsk
Krasnoyarsk - Mirny
Krasnoyarsk - Norilsk
Krasnoyarsk - Novosibirs
Krasnoyarsk - Novosibirsk
Krasnoyarsk - Omsk
Krasnoyarsk - Petropavlovsk
Krasnoyarsk - Tura
Krasnoyarsk - Yeniseisk
Krasnoyarsk - Yuzhno
Krish - Teran
Kuala Lampur - Perth
Kuala Lumpur - Mumbai
Kuala Lumpur�- Beijing
Kuglluktuk - Yellowknife
Kuibyshev - Izhevsk
Kuibyshev - Lugansk
Kuibyshev - Rostov-on-Don
Kuibyshev - Simferopol
Kuibyshev - Ulyanovsk
Kunduz - Kabul
Kunming - Assam
Kunming - Chungking
Kunming - Chungking,
Kunming - Dinjan
Kunming - Sichang
Kunming - Tengchung
Kuopio - Helsinki
Kutaisi - 	Sukhumi
Kutaisi - Poti
Kutaisi - Rostov-on-Don
Kuweires Air Base - Latakia-Khmeimim Air Base
Kwajzalein - Tokyo
Kyzyl-Orda - Bozoy - Vozrozhdenya Island
La Carlota - Acarigua
La Carlota - San Cristobal
La Guaira - Las Piedras
La Liberiad - Managua
La Orchila Air Base - Maracay
La Paz - Apolo
La Paz - Mazatlan
La Paz - San Borja
La Paz - Sana Cruz
La Paz - Santa Ana de Yacuma
La Paz - Tipuani
La Verne, California - Willow Rock, Arizona
LaTuque - St. Honore
Laboucher, AK - Ketchican, AK
Lac Lérè - Douala
Laconia, NH - Berlin, NH
Ladd AFB - Elemndorf AFB
Lae - Bulolo
Lae - Howland Island
Lae - Madang
Lae - Port Moresby
Lae Nadzab - Baindoang Airstrip
Lafayette, LA - Patterson, LA
Lago Agrio - Quito
Lagos - Abuja
Lagos - Abuja - Sokoto
Lagos - Bebi Air Strip
Lagos - Calabar
Lagos - Kaduna
Lagos - Port Harcourt
Lagos, Nigerai - Accra, Ghana
Lagos, Nigeria - Poole, England
Lahore - Peshawar
Lajes, Azores - Bermuda
Lajes, Azores - Gander
Lake Hood, AK - Iliamna, AK
Lake de l'Avion - Agunish River
Lakehurst, NJ - S.t Louis, MO
Lakehurst, NY - Patuxent River, MD
Lamidanda - Kathmandu
Lanai - Kahului
Lander, WY - Riverton, WY
Lansing, MI - Marquette, MI
Lanzhou - Chengdu
Lanzhou - Xi'an
Laoag - Paranaque
Laredo - Houston
Laredo, TX - Guadalajara, Mexico
Larnaca, Cyprus - Athens, Greece - Prague, Czech Republic
Las Cruces - Phoenix
Las Mercedes - Tegucigalpa
Las Palmas - Hamberg, Germany
Las Palmas, Canary Islands - Bathhurst, Gambia
Las Vegas - Burbank
Las Vegas - Denver
Las Vegas - Grand Canyon
Las Vegas - Los Angeles
Las Vegas - San Diego
Las Vegas, NV  - Grand Canyon, AZ
Las Vegas, NV - Aspen, CO
Las Vegas, NV - Riverside, CA
Las Vegas, NV - Santa Ana, CA
Las Vegas, NV - So. Lake Tahoe, CA
Las Vegas, NV - Taos, NM
Las Vegas, NV - W. Yellowstone, MT
Latrobe, PA - State College, PA
Launceston, Tasmania - Melbourne, Australia
Lawton, OK - Huntsville, TX
Lazaro - Cardenas - Michoacan
Lebanon, TN - Galesburg, IL
Lebourget, France - Croydon, England
Leeds - Aberdeen
Leeville, LA - Grand Isle, LA
Legaspi - Manilla
Leh, Kashmir - Chandigarh, Punjab
Leningrad - 	Novgorod
Leningrad - Dushanbe
Leningrad - Erevan
Leningrad - Kiev
Leningrad - Moscow
Leningrad - Murmansk
Leningrad - Odessa
Leningrad - Syktyvkar
Leningrad - Zaporozhye
Lensk -	Peleduy
Leopoldville - Elizabethville
Leopoldville - Libenga
Leopoldville - Ndola
Lethbridge - Vancouver
Leticia - Bogota
Lexington, KY - Atlanta, GA
Libreville - Franceville
Libreville - Moanda
Libya - England
Lihu - Kauai
Lihue, HI - Lihue, HI
Lille - Lyon
Lille - Wroclaw
Lilongwe to Rumchi
Lima - Arequipa
Lima - Caracas
Lima - Cuzco
Lima - Pucallpa
Lima - Pucallpa - Iquitos
Lima - Santiago
Lima - Saposa
Lima, Peru - Guatemala City, Guatemala
Lima, Peu - Mexico City, Mexico
Lincoln, NB - Omaha, NB
Lions - Kiev
Lisbon - Dakar
Lisbon - Foynes - Poole
Lisbon - Havana
Lisbon - Ilha do Sal - Recife
Lisbon - Leopoldville
Lisbon - London
Little Rock - Bessemer
Little Rock - Memphis
Little Rock - Minneapolis
Little Rock - Texarkana
Little Rock, AR - Memphis, TN
Little Rock, AR - Springfield, MO
Liverpool - Belfast
Liverpool - Glasgow
Liverpool - New York
Ljubjana - Susak, Croatia
Ljubljana - Ajaccio
Llandow - Dublin
Local
Local Flight
Local flight - Flying B Ranch
Local sightseeing
Local tour
Locorno - Dubendorf
Lodja - Goma
Lodz - Krakow
Loja - Guayaquil
Loja - Zumba
Loma Linda - Victorville
London - Amsterdam
London - Belfast
London - Bordeaux
London - Brussels
London - Bueno Aires
London - Buenos Aires.
London - Cairo
London - East Midlands
London - Glasgow
London - Guernsey
London - Hamburg - Copenhagen
London - Havana
London - Innsbruck
London - Le touquet, France
London - Malta
London - Napoli
London - New York City
London - Paris
London - Paris - Basil - Zuric
London - Perpignan
London - Rijeka
London - Rome
London - Salzburg
London - Sola
London - Zurich
London, England - Frankfort, Germany
London, England - India
London, England - Milan, Italy
London, England - Nice, France
Long Beach - McGuire AFB
Long Beach - Two Harbors
Long Tieng, Laos - Moung Cha, Laos
Long Tieng, Laos - Sam Thong, Laos
Lonkin - Myitkyina
Loreto - Ciudad Constitución
Loring AFB - Lakeheath AFB
Los Angeles - Albuquerque - Kanasas City -  Washington
Los Angeles - Aspen
Los Angeles - Chicago
Los Angeles - Chicago / Los Angeles - Kansas City
Los Angeles - Cincinnati
Los Angeles - Denver - Milwaukee
Los Angeles - Honolulu
Los Angeles - Honolulu - Auckland - Sydney
Los Angeles - Kansas City, MO
Los Angeles - New York
Los Angeles - New York City
Los Angeles - Ontairo
Los Angeles - Oxnard - Santa Maria - Paso Robles
Los Angeles - Phoenix - El Paso
Los Angeles - Salt Lake City
Los Angeles - San Diego
Los Angeles - San Francisco - Oakland
Los Angeles - San Fransisco
Los Angeles - Santa Ana
Los Angeles, CA  - Mexico City, Mexico
Los Angeles, CA - Aspen, CO
Los Angeles, CA - Burbank, CA
Los Angeles, CA - Lake Tahoe, CA
Los Mochis - Toluca
Los Rogues - Carac
Los Roques - Caracas
Louisville - Birmingham
Louisville - Charleston
Louisville, KY - Cleveland, OH
Louisville, KY - Nashville, TN
Lourdes de Blanc Sablon - Port Hope Simpson
Lowery AFB - Ogden Hill AFB
Luanda - Cafunfo
Luanda - Lobito - Sa Da Bandeira
Luanda - Lubango
Luanda - Lucapa
Luanda - M'Banza
Luanda - Namibe
Luanda - Saurimo
Luanda - demobilization camp
Luanda, Angola - Huambo, Angola
Luang Prabang - Nam Tha
Lubango - Luanda
Lubumbashi - Malemba Nkulu
Lubumbashi - Mbuji-Mayi
Ludana - Lukapa
Ludwigsburg - Grafenwohr
Luena - Cazombo
Lugushwa - Bukavu
Lusaka - Libreville - Dakar
Lusaka - Livingstone - Mongu - Lusaka
Lusaka - Maputo
Luton - Ljubljana
Luxembourg - Port Harcourt
Lvov - Sochi
Lyall Harbour - Vancouver
Lympne, England - Rotterdam, The Netherlands
Lyon - Clermont
Lyon - Lorient
Lyon - Strasbourg
Lyons - Nice - Paris
M'bala - Likouala
Macao - Taisha
Macau - Baucau
Macau - Hong Kong
Macaé - Rio de Janeiro
Maceio - Aracaju
Mackay - Rockhampton
Mackenzie - Bear Valley
Macon, GA - Anniston, AL
Mactan - Manilla
Madang - Bundi
Madras - Delhi
Madras - Nagpur - Delhi
Madras - Nagpur - Delhi.
Madrid - Azores - Bermuda - Havana
Madrid - Barcelona
Madrid - Bilbao
Madrid - La Coruña
Madrid - Las Palmas, Canary Islands
Madrid - Palma de Mallorca
Madrid - Pamplona
Madrid - Rome
Madrid - Tenerife
Magadan - Okhotsk
Magadan - Petropavlovsk-Kamchatsky
Magdan - Keperveem
Maiden, NC - Greensboro, NC
Maimana - Mazar
Maintenance flight
Maintirano - Antananivo
Maiquetia - Barinas
Maiquetia - Calabozo
Maiquetia - San Felipe
Makhachkala - Astrakhan
Malabala, Bioko Island - Bata
Malabo - 	Tripoli
Malaga - Cordoba
Malaga - London
Malaga - Melilla
Malaga - New York City
Malaga - Tangiers
Malakal - Khartoum
Maldorado - Quincemil
Malmo - Amsterdam
Malmo - Bromma
Malta - London
Malta - Miami - Reykjavík - Gander
Malta-Luqa - Malta-Luga
Mamburao - San Jose
Managua - Bluefields
Managua - El Rodeo
Managua - Tegucigalpa
Manaus - Belem
Manaus - Bogota
Manaus - Brasilia
Manaus - Santarem
Manaus - Sao Paulo-Guarulhos
Manchester - Barcelona
Manchester - Belfast
Manchester - Kerkira
Manchester - Tenerife
Manchester, England - Frankfurt, Germany
Manchester, NH - Boston, MS
Mandalay - Heho
Mandalay - Rangoon
Mangole - Manado
Manila - Bacolod
Manila - Baguio
Manila - Cauayan
Manila - Cebu - Tokyo
Manila - Davao
Manila - Iligan
Manila - Iloilo
Manila - Laoag
Manila - Lapu Lapu
Manila - Legazpi
Manila - Mactan
Manila - Naga
Manila - Nichols AFB
Manila - Puerto Princesa, Philippines
Manila - Roxaz City
Manila - Sicogon
Manila - Surigao City
Manila - Tacloban
Manila, Philippines - Hong Kong
Manizales - Bogota
Manokwari - Bentuni
Manono - Elizabethville
Manshahr  - Tehran
Manta - Miami
Manteo - Edenton
Maputo, Mozambique - Luanda, Angola
Mar del Plata - Bahia Blanca
Mar del Plata - Buenos
Maraba - Belem
Maraba - Carajas
Maracaibo - Miami
Maracaibo - Santa Barbara de Zulia
Marco, Fl - Lexington, KY
Marion, IL - St. Louis
Marseille - Ajaccio - Tunis
Marseille - Algiers
Marseille - Berlin
Marseille - Lyon
Marseille - Oran
Marseille - Palma de Majorca
Marseille - Paris
Marseille - Tunis
Marseille, France - Ajaccio, Corsica
Marseille, France - Dakar, Senegal
Marseilles, France - Dhah, Saudi Arabia
Martha's Vineyard - New Bedford
Martinsville, Virginia - Wilmington, Delaware
Masamba - Makassar
Mason City - Fargo
Matamoros - Mexico City - Juarez
Mataram - Yogyakarta - Jakarta
Mato Grosso - Porto Velho
Maturin - Charallave
Mayaguez - San Juan
Mazamari - Lima
Mazatlan - Monterey
Mazuco - Cusco
Mbeya - Dar es Salaam
McChord AFB - Elmendorf AFB
McDermitt, OR - Burns, OR
McGarth - Anvik
McGrath - Colorado Creek
McGrath AK - Galena, AK
McGrath, AK - Sparrevohn, AK
McGuire AFB - Harmon AFB
McGuire AFB - Mildenhall RAF
Meadview, AZ - Las Vegas, NV
Mechuka - Jorhat
Medan - Banda Aceh - Jakarta
Medan - Jakarta
Medan - Kutacane
Medan - Meulaboh
Medan - Tanjung Pinang, Sumatra.
Medellin - Bahia Solano
Medellin - Buenaventura
Medellin - Miami
Medellin - New York City
Medellin - Quibdo
Medellin, Colombia  - Armenia, Colombia
Medellin, Colombia - Miami, Florida
Medellin, Colombia - San Jose, Costa Rica
Medellín - Popayán
Medford, NJ - Allentown, PA
Medford, OR - Medford, OR
Medical evacuation flight
Medical flight
Medrida - Mexico City
Meiktila - Lanywa
Melbourne - Broken Hill
Melbourne - Canberra
Melbourne - Denilquin
Melbourne - Sydney
Melbournen - King Island
Melilla - Málaga
Memphis - Chicago
Memphis - Cincinnati
Memphis - Columbia
Memphis - Destin
Memphis - El Dorado - Texarkana - Dallas
Memphis - Minneapolis
Memphis - New Orleans
Memphis, TN - Bowling Green, KY
Memphis, TN - Monroe, LA
Mena, AR - Texarcana, TX
Mendosa - Cordoba
Mendoza - Cordoba
Mendoza - Parana
Mendoza - Santiago
Mendoza, Argentina - Santiago, Chili
Menyamya - Marakawa
Merauke -- Cairns
Mercy Hospital - Palo Alto Couonty Hospital
Merida - Caracas
Merida - Lagunillas
Merida - Maiquetia
Merrill Field, AK - Port Alsworth, AK
Mers Nueva - Ambato
Meshed - Teheran
Mexicale - Guaymas
Mexicali - Santa Lucia
Mexico - Burbank
Mexico - Guatemala
Mexico City - Chilpancingo
Mexico City - Juarez
Mexico City - Merida
Mexico City - Merida, Yucatan
Mexico City - Miami
Mexico City - Monterey
Mexico City - Monterey - Los Angeles
Mexico City - Morelia
Mexico City - New Orleans - New York City
Mexico City - Nogales
Mexico City - Puerto Vallarta
Mexico City - Reynosa - Matamoros
Mexico City - Veracruz
Mexico City - Villahermosa
Mexico City - Villahermossa
Mexico City - Washington D.C.
Miami - Atlanta
Miami - Bimini
Miami - Bogota
Miami - Buenos Aires
Miami - Cali
Miami - Chicago
Miami - Havana
Miami - Jacksonville
Miami - Leopoldville
Miami - Medellin - Bogota
Miami - Montigo Bay
Miami - New York City
Miami - Orlando - New Orleans
Miami - Panama City
Miami - Raleigh - Washington
Miami - Rio de Janeiro
Miami - Rio de Janerio
Miami - Santo Domingo
Miami - Tegucigalpa
Miami - Varadero
Miami, FL - Charleston, SC - Newark, NJ
Miami, FL - Nassau, Bahamas
Miami, FL - Pensacola, FL - Mobile, AL
Miami, FL - Port au Prince
Miami, FL - Raleigh, NC
Miami, FL - San Francisco, CA
Miami, Florida - Bimini, Bahamas
Middletown - Washington DC
Midland, TX - Kansas City, MO
Midland, TX - Nashville, TN
Migalovo AB - Yerevan
Milan - Brussels
Milan - Copenhagen / Milan - Paris
Milan - Genoa - Farnborough
Milan - Koln
Milan - Paris
Milan, Italy - Amsterdam
Milan, Italy - Frankfurt, Germany
Milano - Brussels
Milano - Zürich
Mildenhall, England - Torrejon AFB
Military exercise
Military exercises
Militiary training
Miller field - Aberdeen
Millinocket, ME - Mount Pocono, PA
Milne Bay - Dobodura
Milwaukee - Atlanta
Milwaukee, WI - Detroit, MI
Minatitlan - Veracruz
Mineral Waters - Moscow
Minneapolis - Chicago - Milwaukee
Minneapolis - Detroit
Minneapolis - Fargo
Minneapolis - Seattle
Minneapolis -- Salt Lake - Cedar City - Las Vegas- LA
Minneapolis, MN - St. Paul, MN
Minneapolis-St Paul - Brainerd
Minneapolis/St. Paul - Hibbing
Minola - Albany - Buffalo
Minsk - Berlin
Minsk - Leningrad
Minto Lake, AK - Fairbanks, AK
Mirabella - Alexandria
Miramar NAS, California - Sand Point NB, Seattle
Mirnyy - Irkutsk
Misawa - Chitose
Missoula, MT - Helena, MT
Misurata - Benghazi
Mitu - Villavicencio
Moa - Baracoa
Mobile - Mongomery
Mobile, AL - Macon, GA
Mogadishu - Djibouti
Mogadishu, Somalia - Djibouti
Mogadishu- Hargeisa
Mohanbari - Along
Mokmer - Manila
Moline, IL - Racine IL
Mombasa, Kenya - Cairo, Egypt
Mona Is., PR - Mayaguez, PR
Moncton - Hamilton
Moncton - Montreal
Mongasat - Keng Tung
Monterey - Ardmore
Monterey - Chihuahua
Monterey, CA - Tacoma, WA
Monterey, Mexico - San Ysidro, CA
Monterey, Mexico - Toluca, Mexico
Monterrey - Falcon Dam
Monticello, NY - Portsmoutn, OH
Montluçon - Paris
Montreal - Churchill Falls
Montreal - Comeau Bay
Montreal - Edmonton
Montreal - Hall Lake
Montreal - Iles-de-la-Magdelen
Montreal - Kuujjuaq
Montreal - London
Montreal - Ottawa
Montreal - Peterborough
Montreal - Toronto
Montreal - Toronto - Los Angeles
Montreal - Vancouver
Montreal, Canada - England
Montreal, Canada - European air base
Montrose, CO - Page, AZ
Montrose, CO - South Bend, IN
Moorea - Papeete
Moosonee - Timmins
Moosonee- Attawapiskat
Mornington Island - Normanton
Moron - Canary Islands
Moroni Hahaya - Anjouan
Moscow - 	Dakar
Moscow - :	Kharkov
Moscow - :	Krasnoyarsk
Moscow - Adler
Moscow - Batumi
Moscow - Bratsk - Anadyr
Moscow - Brazzaville
Moscow - Chernihiv
Moscow - Chita
Moscow - Conakry
Moscow - Hong Kong
Moscow - Irkutsk
Moscow - Karkov
Moscow - Kastan
Moscow - Kiev
Moscow - Krosnovodsk
Moscow - Leningrad
Moscow - Lions
Moscow - Luxembourg
Moscow - Murmansk
Moscow - Norilsk
Moscow - Odessa
Moscow - Orsk
Moscow - Perm
Moscow - Petrozavodsk
Moscow - Praha
Moscow - Simferopol
Moscow - Sochi
Moscow - St. Petersburgh
Moscow - Svalbard
Moscow - Tbilisi, Georgia
Moscow - Tokyo
Moscow - Turin, Italy
Moscow - Vnukovo
Moscow - Volograd
Moscow - Yerevan
Moscow -Makhachkala, Dagestan
Moscow, Russia - Tashkent, Uzbekistan
Moscow-Munich-Barcelona / Bahrain/Brussels
Moses Lake - Spokane
Mosses Lake, WA - Tokyo, Japan
Most Pyssa - Koslan
Mount Isa - Cairns
Mount Isa - Longreach
Movie set
Mt. Empire, VT - Springfield, VT
Mukachevo - 	Moscow
Mukalla to
Mayfa'ah - Arden, Yemen
Mulia - Ilaga
Mulia - Wamena
Multan - Lahore
Mumbai - Banglaor
Mumbai - Chennai
Munchen - Constanta
Munchen - St. Moritz
Muncho Lake - Vancouver
Munich - Manchester
Munich - Northolt AB, England
Muskegon, MI - Pontiac, MI
Muya - Bagdarin
Mwanza - Khartoum - Zagreb
Mwanza - Nairobi
Myeik - Yangon
N'Djamena - Paris
N'Djamena, Chad - Brazzaville, Congo
N'djamena - Abéché
Nabire - Ambon
Nabire - Enaotali
Nabire - Obano
Nabire - Sugapa
Nadzab - Goroka
Nagpur - Delhi
Naha AB - Clark AB
Nairobi - Dar Es Salaam, Tanzania
Nairobi - Dar-es-Salaam
Nairobi - Eastleigh AFB
Nairobi - Johannesburg
Nairobi - Mogadiscio
Nairobi - Mogadishu, Somalia
Nairobi - Samburu National Park
Nairobi, Kenya  - Luskaka, Zambia
Nakhichevan - Baku
Nakhichevan - Rostov
Nakhom Phanom AB - Utapao AB
Nalchik - Leninakan
Namsos - Bronnoysund
Nanaimo - Port Mellon
Nancy - Paris
Nanjing - Jinan
Nanjing - Xiamen
Nanking - Peiking
Nantes - Brest
Naples - Genoa
Naples, FL - Tampa, FL
Napoli - Bari
Napoli - Genoa
Narsarsuaq, Greenland - Reykjavik, Iceland
Nashville - Indianapolis
Nashville - Knoxville - Tri-City Aport
Nashville - Memphis
Natal, Brazil - Bathhurst, Gambia
Natal, Brazil - Dakar, Senegal
Natchitoches, La - Dallas, TX
Nausori - Nadi
Near Tegucigalpa, Honduras - San Pedro Sula
Neiva - Cali
Neiva - San Vicente del Caguan
Neiva - San Vincente
Nejran - Jeddah
Nema - Nouakchott
Nepalganj - Jumla
Neuquen - Comodoro Rivadavia
New Delhi - Dhahran / Chimkent - New Delhi
New Delhi - Nagpur - Madras
New Iberia, LA - Grand Chenier, LA
New Orleans - Chicago
New Orleans - Las Vegas
New Orleans - Mobile - Birmingham
New Orleans - New York City
New Orleans AP - New Orleans AP
New Orleans, LA - Houma, LA
New Orleans, LA - Mobile, AL
New Port News - Washington D.C.
New York - Boston
New York - Botwood - Foynes, Ireland
New York - Buffalo
New York - Buffalo - Chicago - Detroit
New York - Chicago
New York - Dallas
New York - Detroit - Saginaw - Chicago
New York - Mexico City
New York - Miami
New York - Newark
New York - Paris
New York - Santa Monica
New York - St. Thomas
New York - Williams AFB
New York - Winsor Locks - Boston
New York City -  Washington D.C. - Atlanta - Brownsville
New York City - Albany, NY
New York City - Atlanta
New York City - Bermuda
New York City - Birmingham, AL
New York City - Bridgeport - New Haven - Groton - Boston
New York City - Brussels
New York City - Cairo
New York City - Caracas
New York City - Charlotte, NC
New York City - Chicago
New York City - Cincinnati
New York City - Cleveland
New York City - Dallas - Los Angeles
New York City - Denver
New York City - Geneva
New York City - Juarez, Mexico - Burbank
New York City - Lisbon
New York City - Los Angeles
New York City - Maiquetia
New York City - Mexico City
New York City - Miami
New York City - Minneapolis-St. Paul
New York City - Nantucket
New York City - Paris
New York City - Prestwick
New York City - Richmond - Jacksonville
New York City - Richmond VA
New York City - Saint Thomas
New York City - San Francisco
New York City - San Juan
New York City - Santo Domingo, Dominican Rep.
New York City - St. Maarten
New York City - Warsaw
New York City - Wilmington
New York City, NY - Buffalo, NY
New York, NY - Atlantic City, NJ
New York, NY - Hyannis, MA
New York, NY - Raleigh, NC
New York, NY - Winsor Locks, CT
New York, NY- Charlotte, NC
Newark - Baltimore - Miami
Newark - Camden - Pittsburg
Newark - Chicago - St. Louis - Springfield - Tulsa
Newark - Cleveland - Chicago
Newark - Des Moines - Lincoln
Newark - Los Angeles
Newark - Miami
Newark - Philadelphia
Newark - San Francisco
Newark - Tacoma
Newark - Washington D.C.
Newark, N.J. - Buffalo, NY
Newark, N.J. - Seattle, WA
Newark, NJ  - Camden, NJ - Washington DC
Newark, NJ - Boston, MA
Newark, NJ - Chicago, IL
Newark, NJ - Columbus, OH
Newark, NJ - Flushing, NY
Newark, NJ - Fort Worth, TX
Newark, NJ - Hartford, CT
Newark, NJ - Miami, FL
Newcastle - Lord Howe Island
News reporting
Newwark, N.J. - Buffalo, NY
Niamey - Khartoum
Nice - Florence
Nice - Lyon
Nice - Malta
Nice - Nurnberg
Nice - Paris
Nicosia - Ankara
Nicosia - Cairo
Nicoya -
Nizhnevartovsk - Bugulma
Nizhnevartovsk - Tyumen
Nogougou - Luganville
Nome - Ambler
Nome - Fairbanks
Nome - Gambell
Nome, AK - Koyuk, AK
Nome, AK - Return
Nome, AK - Unalakeet, AK
Nondalton, AK - Port Alsworth, AK
None
Norfolk, VA - Guantanamo, Cuba
Noril'sk - Moscow
Norisk - Krasnoyarsk
Norman, OK - Manhattan, KS
North Adams, MA - New York, NY
North Caicos - Grand Turk
Northolt - Belfast
Northolt - Dublin
Northolt - Oslo
Nouakchott - Tidjikja
Nova Lisboa - Lobito
Novorossiysk - Sukhumi
Novosibirsk - Alma Ata
Novosibirsk - Ikustsk
Novosibirsk - Irkutsk
Novosibirsk - Moscow
Novosibirsk - Omsk
Novosibirsk - Petropavlovsk
Nulato, AK - Kaltag, AK
Nulato, AK - Tanana, AK
Nuremberg - Frankfort
Nurnberg - Rome, Italy
Oakland - Albuquerque
Oakland - Chicago
Oakland - Salt Lake City
Oakland - San Francisco - Los Angeles
Oakland, CA - Seattle, WA
Oaxaca - Puerto Escondido
Oberlin, KS - Phoenix, NM
Observation flight out of Cape Schmidt
Ocana - Cucuta
Odessa - 	Berdyansk
Odessa - Donetsk
Odessa - Irkutsk - Vladivostok
Odessa - Thessaloniki
Odessa, TX - Lubbock, TX
Ogden Hill AFB - McChord AFB
Ogden, UT - Las Vegas, NV
Ogle, Guyana - Ekereku, Guyana
Oiapoque - Macapa
Oil Platform SS-224 - Houma LA
Oil Rig P18 - Macae
Oil platform - Morgan City, LA
Okhotsk - Khabarovsk
Okhotsk - Magadan
Okinawa - Manila
Oklahoma - Long Island, NY
Oksapmin - Kiungaraining
Ol Kiombo - Mara Sika AS
Ol Kiombo - Mombasa
Old Harbor - Kaguyak
Old Harbor, AK - Kodiac, AK
Old Orchad Beach - Rome
Old Providence - San Andres
Olekminsk - 	Lensk
Olive Creek - Imbaimada
Olyokminsk - Yakutsk
Omaha - Denver
Omaha - St. Joseph
Omaha, NB - Kansas City, MO
Omaha, NE - Denver, CO
Omaha, NE - Hot Springs, SD
Omsk - 	Surgut
Ondjiva - Catumbela
Ontario - Los Angeles
Ontario, CA - Las Vegas, NV
Oostende, Belgium - Lagos, Nigeria
Opa-Locka - Marianna
Oran - Alicante
Orlando, FL - Atlanta, GA
Orlando, FL - Dallas, TX
Orlando, FL - Mayfield, KY
Oroville, CA - Butte, MT
Osaka - Matsuyama
Osaka - Tokyo
Oslo - Hamburg
Oslo - Stockholm
Oslo - Tromsø
Oslo, Norway - East Berlin, German
Oslo, Norway, New York, NY
Ostrava - Prague
Otis AFB
Ottawa - Ottawa
Ouagadougou - Dakar
Ouagadougou, Burkina Faso - Algiers, Algeria
Ozamis City - Pagadian
Pago Pago - FagaliI
Pago Pago, American Samoa - Apia, Western Samoa
Pakse, Laos  - Saigon, Vietnam
Palambang and Jakarta
Palangkaraya - Sampit
Palanquero AB -Valledupar
Palembang - Singapore
Palenque - San Cristobal de las Casas
Palestine - London
Palm Springs - Burbank
Palm Springs - Las Vegas
Palm Springs - New York City
Palm Springs, CA - Santa Ana, CA
Palma de Mallorca - Barcelona
Palma de Mallorca - Ibiza
Palma de Mallorca - London
Palma de Mallorca - Mahon
Palma de Mallorca - Manchester
Palma de Mallorca - Port Etienne
Palma de Mallorca - Wien
Palmar Sur - San Isidoro
Palmdale - Burbank
Palmerston - Hamilton
Palmerston North - Christchurch
Palu - Toli Toli
Pan Am building - JFK Airport
Panama City - David
Panama City - Fort de France, Martinique
Panama City - Maracaibo
Panama City - Medellin
Panama City - Miami
Panama City - Puerto Obaldia
Panama City - Rio Sidra
Panama City, Panama  - Washington DC
Panama City, Panama - Cali, Colombia
Panchkhal - Tribuvan
Pangkal Pinang - Batam Island
Pango Pango - Tau Island
Papeete, French Polynesia - Raiatea
Parachuting
Paraiba - Rio de Janerio
Paramaribo - Jakobkondre
Paramaribo - Lawa
Paramaribo - Zanderij
Paramaribo, Suriname - Paloemeu, Suriname
Paraparaumu - Timaru
Pardubice, Czech Republic - Moscow, Russia
Parhankot - Leh
Paris - Agadir
Paris - Bordeaux - Lisbon
Paris - Bucharest
Paris - Cairo
Paris - Casablanca
Paris - Copenhagen
Paris - Croydon
Paris - Cryodon
Paris - Dakar
Paris - Hassi Messaoud
Paris - Hounslow
Paris - Jersey , Channel Islands
Paris - London
Paris - Lyon - Marseille
Paris - Lyons - Tunis
Paris - Madrid - Bogota
Paris - Morroco
Paris - New York City
Paris - Nice - Hong Kong
Paris - Orange
Paris - Pointe-a Pitre - Santaigo
Paris - Prague - Budapest
Paris - Prauge
Paris - Rabat
Paris - Romania
Paris - Rome
Paris - Santa Maria - New York City
Paris - Seoul
Paris - Shannon
Paris - Tanger
Paris - Toulouse - Casablanca
Paris - Valence
Paris - Vichy
Paris - Zurich - Sofia
Paris, France - London, England
Paris, France - Niamey, Nigher
Paris, France - Toronto Canada
Parnu - Tapa
Pasco - Spokane
Pastaza - Ambato
Patna - New Delhi
Patrol
Patuxent River NAS - Kenitra, Morocco
Patuxent River, NAS - Argentia,NAS
Pau - Paris
Peking -  Irkutsk - Cyprus
Peking - Moscow
Pelee Island, Ontario - Windsor, Ontario
Pemba - Maputo
Penang - Kuala Lumpur
Pensacola - Atlanta
Penza - Simferopol
Penzance - Scilly Islands
Peoria, IL - St. Louis, MO
Pepa, Congo - Kigali, Rwanda
Pereira - Bogota
Perm - Sovietsky
Perpignan - Oran
Perth - ?
Perth - Port Hedland
Perth, Scotland - London, England
Pescara - Rome
Peshawar - Chitral
Petrolina - Salvador
Petropavlovsk -  Ossora
Petropavlovsk - Novosobrisk
Petropavlovsk -Baikov
Petropavlovsk-Kamchatsky - Magadan
Petropavlovsk-Kamchatsky - Palana
Petropavlovsk-Kamchatsky - Yuzhno-Sakhalinsk
Phalaborwa - Johannesburg
Phan Rang - Pleiku
Philadelphia - Cleveland
Philadelphia - Louisville
Philadelphia - New York City
Philadelphia, PA - Pottstown, PA
Philadelphia, PA - Reading, PA
Philadelphia, PA - Teteboro, NJ
Philidelphia - Washington - Knoxville - Huntsville
Philippines - Japan
Phnom Penh - Siagon
Phoenix - Las Vegas
Phoenix, AZ - Los Angeles, CA
Phuket - Ranong
Pickle Lake - Big Trout
Pickle Lake - Summer Beaver
Pittsburg - Charleston
Pittsburg, PA - Nellis AFB
Pittsburgh - Baltimore
Pittsburgh - Buffalo
Pittsburgh - Dayton
Pittsburgh - Morgantown
Pittsburgh - Newark
Pittsburgh - Washington D.C.
Pittsburgh, PA - Baca Raton, Fl
Pittsburgh, PA - Columbus, OH
Pittsburgh, PA - Johnstown, PA
Plaa Grande - Quetzaltenango
Plaridel - Laoag
Plattsburgh - Syracuse
Plattsburgh, NY - Saranac Lake, NY
Pleiku - Da Nang
Pleiku - Hue
Pleiku - Tuy Hoa
Pocatello - Salt Lake City
Pohang - Kannung
Pohnpei - Chuuk
Point-Lebel - Rimouski
Pointe Noire - Brazzaville
Pointe-Noire - Brazzaville
Points North Landing, SK - Ennadai Lake
Pokhara - Jomsom
Pokhara - Kathmandu
Poliny - Nikolayevsk-on-Amur
Poliny Osipenko - Nikolayevsk-on-Amur
Polokwane - Vilanculos
Ponta Delgada - Horta
Pontiac, MI - Greensburg, IN
Pontianak - Nanga Pinoh
Popayan - Ipiales
Pope Field - Maxton
Porlamar - Canaima
Porlamar - Cumana
Porlamar - Puerto Ordaz
Port Angeles - Seattle
Port Aransas - Kansas City
Port Au Prince - Cap Haitien
Port Colombus, OH - Louisville, KY
Port Elizabeth - Durbin
Port Elizabeth - East London
Port Harcourt - Calabar
Port Harcourt - Lagos
Port Hardy - Chamiss Bay, Vancouver Island
Port Hardy - Vancouver
Port Heiden - King Salmon
Port Meiner, Quebec - Bangor, Maine
Port Meunier - Gaspé
Port Moreaby - Nadzab
Port Moreby - Kokoda
Port Moresby - Ononge
Port Moresby - Tabubil
Port Moresby - Townsville,, Queensland, Australia
Port Moseby - Misima Island
Port Sudan - Khartoum
Port au Prince - Cap Haitien
Port au Prince - Cape Haitien
Port of Spain - Fort de France
Port-Menier - Sept-Iles
Port-au-Prince - Cap Haitien
Portage Creek, AK - Dillingham, AK
Portland - Honolulu
Portland - Pasco
Portland,  WA - Pasco, WA
Portland, OR - Cranbrook, Canada
Porto Alegre - Joinville
Porto Alegre - Laguna - Rio de Janeiro
Porto Alegre - Lima
Porto Alegre - Rio de Janera
Porto Alegre - Sao Borja
Porto Alegre - Sao Paulo
Posadas - Buenos Aires
Positiioning - San Jose - Honolulu
Positioning
Poway, CA - Pomona, CA
Practice maneuvers
Prague - Bratislava
Prague - Paris, France
Prague - Zurich
Prague, Czechoslovakia - Damascus, Syria
Praha - Kosice
Praha - Moravska - Ostrava
Praha, Czechoslovakia - Amsterdam, Netherlands
Pretoria - Durban
Pretoria - Mthatha Airport
Prince George - Dease Lake
Prince George - Prince Rupert
Prince George - Tezzeron Lake
Prince George - Vancouver
Prince Rupert - Kincolith
Pristina - Kosice
Proserpine - Mareeba - Claims
Pucallpa - Dagali - Trujillo
Pucallpa - Lima
Pucallpa - Puerto Esperanza
Puebla - Mexico City
Puebla - Oaxaca
Pueblo, CO - San Antoonio, TX
Puerto Ayacucho - La Carlota
Puerto Cabello - Caracas
Puerto Carreno - Bogota
Puerto Montt - La Junta
Puerto Montt - Magallanes
Puerto Montt - Melinka Island
Puerto Plata - Gander
Puerto Vallarta - Mexico City
Puerto Vallarta - San Francisco
Pukanu - Novo Progresso
Pune - Hyderabad
Punta Arenas - Puerto Williams
Punta Arenas - Santiago
Punta Cana - Arroyo Barril
Punta Islita - San Jose
Put-In-Bay, OH - Kelly's Island, OH
Pyongyang, North Korea - Conakry, Guinea
Quebec - Montreal
Quebec -Sept-Îles
Queenstown - Plettenberg Bay
Quelimane - Lourence Marques
Quiddo - Cartago
Quito -  Tulcán - Cali
Quito - Cuenca
Quito - Esmeraldas
Quito - Guayaquil
Quito - Guayaquil - Havana
Quito - Lago Agrio
Quito - Macara
RAF Lakenheath - McGuire AFB
RAF Scampton - Keflavik - Kansas
RAF Scrampton - Burtonwood AFB
Rabaul - Hoskins
Radio surveillance mission
Raleigh - Richmond
Raleigh, NC - Boston, MA
Raliegh, NC - New York, NY
Ramstein - Naples - Turkey
Ramstein AB - Cairo
Ramstein AB - Rhein-Main AB
Ramstein AFB - Oslo, Norway
Rangoon - Kentung
Rangoon - Mandalay
Rangoon - Mergui
Rangoon - Nyaung-U
Rangoon - Putao
Rangoon - Tachilek
Rapid City, South Dakota - Ogden, UT
Rasal - Nikolaev, Ukraine
Ratmalana - Palali base
Raud al-Farang, Egypt - Djerba, Tunisia
Rawalpindi - Lahore
Rawalpindi - Skardu
Rawling, WY - Denver, CO
Recife  - Sao Paulo
Recife - Fernando de Noronha
Recife - Natal
Reclife - Belem
Reconnaissance
Red Lake - Sioux Lookout  / Sioux Lookout - Red Lake
Red River delta - Saigon
Redmond - Klamath Falls - Medford
Rejeka and Zagreb
Renfrew - Northolt
Reno, NV - Eureka, NV
Reno, NV - Minneapolis-St. Paul, MN
Reno, NV - Susanville, CA
Reno, NV - Winnemucca, NV
Resistencia - Posadas
Reykjavik - Halifax - Sidney
Reykjavík - Akureyri
Reykjavík - Montreal
Reykjavík, Iceland - Narsarsua, Greenland
Reynosa - Tampico
Riberalta - Cochabamba
Richland, WA  - Seattle, WA
Richland, WA - Seattle, WA
Richmond - Atlanta
Richmond, VA - Saint Louis, MO  - Pueblo,CO - Irvine, CA
Ridgewell - Nutts Corner
Riga - Copenhagen
Riga - Liepaja
Riga, Latvia - Moscow
Rio - de Janerio - Paris
Rio Branc - Cruzeiro do Sul
Rio Gallegos -  Buenos Aires
Rio Hacha - Medellin
Rio Verde - Goiania
Rio de Janeiro - Belem
Rio de Janeiro - Belo Horizonte
Rio de Janeiro - Brasilia
Rio de Janeiro - Buenos Aires
Rio de Janeiro - Caravelas
Rio de Janeiro - Guiana
Rio de Janeiro - Jacarepagua
Rio de Janeiro - Juiz De Flora
Rio de Janeiro - Lisbon
Rio de Janeiro - New York City
Rio de Janeiro - Paris
Rio de Janeiro - Porte Algegre
Rio de Janeiro - Sao Paulo
Rio de Janerio - Belem
Rio de Janerio - Fortaleza
Rio de Janerio - Sao Paulo
Rio de Janerio - Vitoria
Rio de Janerio, Brazil - Cayenne, French Guianan
Riverton Heights, WA - Oak Harbor, OR
Riyadh - Jeddah
Rochester - Newark
Rochester Minn. - Minneapolis
Rockford - Chicago, IL - Madison, WI
Rockhampton - MacKay
Rome  - Lisbon -  Madrid - Santa Maria, Azores -Caracas
Rome - Athens
Rome - Beirut
Rome - Belgrade
Rome - Bologna
Rome - Cagliari
Rome - Cairo
Rome - Foggia
Rome - Frankfort
Rome - Genoa
Rome - London
Rome - Milan
Rome - Monrovia
Rome - Napoli
Rome - New York City
Rome - Palermo
Rome - Paris
Rome - Paris -  Shannon - New York City
Rome - Pristina
Rome - Reggio di Calabria
Rome - Rio de Janerio
Rome - Shannon
Rome - Shannon - Gander -New York City
Rome - Tripoli
Rome - Tripoli, Lybia
Rome, GA - Huntsville, AL
Rome, Italy - Asmara, Ethiopia
Rome, Italy - Kartoum
Rome, Italy - Lyons, France
Ronaldsway - Liverpool
Roosevelt Roads NS - Borinquen NGB
Rosario - Bueno Aires
Rosario - Buenos Aires
Rostov - Zaporozhye
Rostov, Russia - 	Kharkov, Ukraine
Rostov-on-Don - Krasnovodsk
Rostov-on-Don - Vilnius
Roswell - Oakland - Guam
Rota - Souda Bay
Rotterdam - Eindhoven - Hamburgh
Ruby - Colorado Creek
Ruidoso - Albuquerque
Russian Mission- Marshall
Rzhevsk - Morsansk
Sabine Pass - Oil Platform
Sacramento - San Francisco
Sacramento, CA - Dayton, OH
Sacramento, CA - Reno, NV
Sagwon, AK - Local
Sagwon,AK - Elusive Lake, AK
Saigon - Ban Me
Saigon - Da Lat
Saigon - Da Nang
Saigon - Hanoi
Saigon - Karachi
Saigon - Korat AB
Saigon - Nha Trang AB
Saigon - Paris
Saint Croix - Saint Thomas
Saint Denis - Paris
Saint Louis - Branson
Saint Louis - Dakar
Saint Louis - Toledo
Saint Louis, MO - Detroit, MI
Saint Louis, MO - Toronto, Canada
Saint Petersburg - Voronezh
Saint Thomas - San Juan
Salida, CO - Cortez, CO
Salisbury - Lusaka
Salisbury, MD - Lynchburg, VA
Salt Lake - Albuquerque
Salt Lake - Las Vegas - Burbank
Salt Lake City - Burbank
Salt Lake City - Cedar City - Rapid City
Salt Lake City - Cheyenne
Salt Lake City - Denver
Salt Lake City, UT - Sun Valley, ID
Salta - Cordoba - Buenos Aires
Saltillo - Piedras Negras
Salvador - Guanambi
Samarinda - Berau
Samburu - Nairobi
Sampit - Plangkaraya
San - Carlos
San Andreas, CA - Death Valley, CA
San Andres - Medellin
San Andres Island - Cartagena
San Antionio - OK City / Wichita Falls - Forth Worth
San Antonio - Amarillo - Tulsa - Denver
San Antonio, TX - Rudioso, NM
San Antonio-Maiquetia
San Bernardion - Los Angeles
San Borja - La Paz
San Carlos - Managua
San Diego - Amarillo, TX  - Evansville, IN
San Diego - Burbank - Oakland
San Diego - Los Angeles
San Diego - Phoenix
San Diego, CA - Albuquerque, NM
San Diego, CA - Palm Desert, CA
San Diego, CA - Portland, OR
San Felipe - Puerto Inirida
San Fernando - El Calafate
San Francisco - Anchorage - Cam Ranh Bay, Vietnam
San Francisco - Bakersfield - Los Angeles, CA
San Francisco - Burbank - New York City
San Francisco - Cheyenne - Chicago
San Francisco - Chicago - New York
San Francisco - Hawaii
San Francisco - Honolulu - Guam - Manila - Siagon
San Francisco - Los Angeles
San Francisco - New York
San Francisco - New York City
San Francisco - Seattle
San Francisco - Singapore
San Francisco - Winslow, AZ,  Burbank, CA
San Francisco, CA - Honolulu, HI - Agana, Guam
San Francisco, CA - Newark, NJ
San Francisco, CA - Sacramento, CA
San Francisco, CA - Salt Lake City, Utah
San Fransisco - Honolulu
San Giusto - Sardinia
San Jose  - La Fortuna - Tamarindo
San Jose - Palmar Sur
San Jose - Quepos
San Jose - Tortuguero
San Jose - Villavicencio
San Jose, CA - Lake Tahoe
San Juan - Mayaguez
San Juan - Miami
San Juan - New York City
San Juan - Ponce
San Juan - Saint Croix
San Juan - Saint Martten
San Juan - Wilmington NC
San Juan de Manapiare - Puetro Ayacucho
San Juan, PR - Managua
San Juan, PR - Managua, Nicaragua
San Juan, PR - Mayaguez, PR
San Luis Obispo - San Fransisco
San Luis Potosi - Mexico City
San Pablo - Porto Alegre - Montevideo
San Palo - Bauru - Aracatuba
San Pedro - Abidjan
San Pedro - San Andres
San Pedro - Tegucigalpa
San Pedro Sula - Tegucigalpa
San Pedro, CA - Avalon, CA
San Pedro, CA - Catalina, CA
San Ramon - Captain Alvarino
San Salvador - Miami
San Salvador - Panama City
San Salvador, El Salvador - Tegucigalpa, Honduras - Miami
San Vicente del Caguan - Florencia
Sana'a, Yemen - Moroni, Comoros
Sand Point - Anchorage
Sandoway - Rangoon
Sandpit, BC - Prince Rupert, BC
Sandwich - Chicago
Sanofov - Lakhta
Santa Ana, CA - Lake Havasu, AZ
Santa Cruz - Arica
Santa Cruz - Corumba
Santa Cruz - La Paz
Santa Cruz - Trinidad, Bolivia
Santa Cruz - Viru
Santa Cruz de Rio Prado - Presidente Prudent
Santa Cruz, Bolivia - Medellin,Colombia
Santa Elena - Guatemala City
Santa Maria - Curacao
Santa Maria - Santa Barbara - Oxnard - Los Angeles
Santa Monica - Santa Monica
Santa Rose - La Paz
Sante Fe, NM - Pueblo, CO
Santiago - Buenos Aires
Santiago - Calama
Santiago - Coihaique
Santiago - Havana
Santiago - Iquique
Santiago - Juan Fernandez Island
Santiago - La Serena
Santiago de Compostella - Madrid
Santiago de Cuba - Havana
Santiago de Cuba- Havana
Santiago, Chile - Mendosa, Argentina
Santiago, Chili - Arequipa, Peru - Lima, Peru
Santiago, Chili - Cristobal, Panama
Santiago, Dominican Republic - Providenciales
Santo Domingo - Aguadilla, Puerto Rico
Santo Domingo - Port-au-Prince
Santo Domingo - Porto Plata
Santo Domingo - San Juan
Sao Gabriel de Cachoeria - Yauarete
Sao Jose dos Campo - Manaus
Sao Jose dos Campos - Congonhas
Sao Nicolau - Praia
Sao Palo, Brazil - Jacarezinho, Panama
Sao Paulo - Asuncion
Sao Paulo - Bauru
Sao Paulo - Belem
Sao Paulo - Belo Horizonte
Sao Paulo - Concordia
Sao Paulo - Curitiba
Sao Paulo - Florianopolis
Sao Paulo - Porto Alegre
Sao Paulo - Rio de Janeiro
Sao Paulo - Rio de Janiero
Sao Paulo - Sao Gabriel
Sao Paulo - Tefe - Manaus
Sao Paulo - Trinidad
Sao Paulo - Uberaba
Sao Vicente - Santo Antao
Sapporo - Hakodate
Sapporo - Tokyo
Saurimo - Luanda
Savannah - Tuscon
Savannakhet - Vientiane
Saveh - Tehran
Savoonga, AK - Gambell, AK
Savoy, IL - Cleveland, OH
Savu Savu - Nadi
Sawyer AFB - Wurtsmith AFB
Sayre, PA - Washington, District of Colombia
Scrampton RAF Station, England
Search mission
Seattle - Billings - Chicago
Seattle - Chicago
Seattle - Juneau
Seattle - New Haven
Seattle - Newark
Seattle - Portland
Seattle - Shemya AFB
Seattle - Spokane
Seattle - Toledo
Seattle, WA - Dallas, TX
Seattle, WA - Medford, OR - Oakland,CA
Seattle, WA - Ogden, UT
Sebha - N'Djamena
Sedona, AZ - Sedona, AZ
Selbang - Bolvovip
Selway Lodge, ID  Salmon, ID
Semarang - Bandung
Semipalatinsk - Alma-Ata
Semipalatinsk - Karaganda
Seou - Ulsan
Seoul - Cheju
Seoul - Guam
Seoul - Hong Kong
Seoul - Mokpo
Seoul - Shanghai
Sept-Îles- Bagotville
Sequim, WA - Seattle, WA
Serener Airstrip - Kilimanjaro IAP
Service mission
Sevilla - Herreira
Seward, AK - Aialak Bay, AK
Shagway, AK - Return
Shanghai - Canton
Shanghai - Hankow
Shanghai - Hankow - Chungking
Shanghai - Hong Konk
Shanghai - Hongqiao
Shanghai - Los Angeles
Shanghai - Manila
Shanghai - Nanking
Shanghai - Seoul - San Francisco
Shanghai - Taipei
Shanghai - Tsingtao - Beijing
Shanghai, China - Bishkek, Kyrgyzstan
Shanghi, China - Seoul, Korea
Shannon - Amsterdam
Shannon - Gander
Shannon - New York City
Shannon, Ireland - Geneva, Switzerland
Shardzhev - Tashkent
Sharem el Sheikh - St. Petersburg
Sharjah - Khartoum - Nyala
Sharjar, UAE- Khartoum, Sudan
Sharm el Sheikh, Egypt - Cairo, Egypt
Sheboygan - Manitowoc
Shelter Cove, CA - San Jose, CA
Shemya - Cold Bay - Adak - Anchorage
Shemya, AK - Eielson, AK
Shensi - Yenan
Shenzen - Fuzhou
Sherbrooke, Canada - Newark, NJ
Shiraz - TerhanI
Shreveport - Baton Rouge
Shuttle
Siagon - Cam Ranh Bay AB
Siagon - Hue-Phu Bai - Pleiku
Sichang - Chungking
Sichang - Kunming, Yunnan
Sidney - Brisbane
Siem Reap - Sihanoukville
Sight seeing
Sighteeing
Sightseeing
Sightseeing / Teteboro - Ocean City, NJ
Sightseeing Fentress Airpark
Sightseeing over Rotterdam
Silchar - Gauhati
Silchar, India - Khulna, Bangladesh
Silhcar - Calcutta
Simara - Kathmandu
Simra - Kathmandu
Singapore - Hong Kong - Bangkok
Singapore - Kuala Lumpur
Singapore - Siagon
Siocon - Zamboanga
Sioux Falls, SD - Rapid City, SD
Sioux Lookout - Hudson
Sioux Lookout - Red Lake
Sitka - Petersburg
Sitka, AK - Pt. Alexander, AK
Sitka, AK - Warm Springs, AK
Siuna - Bonanza
Skagway, AK - Local
Skopje - Mostar
Skopje - Titograd
Skopje - Zürich
Sky Diving
Skydiving
Smolensk -	Leningrad (
Snegamook Lake - Goose Bay
Sochi - Sukhumi
Soddu - Beica
Sofia  - Varna
Sofia - Moscow
Sofia - Varna
Sofia - Warszawa
Sofia IAP - Algiers
Soldotna - Bear Lodge
Sondre Stomfjord - Goose Bay
Sondre Stromfjord - Godthab
Sorong - Kaimana
South Nanek, AK - Dillingham, AK
Southend - Glasgow
Southend, England - Rotterdam, The Netherlands
Southhampton - Lisbona
Southhampton, England - Alexandria, Egypt
Split - Koln / London - Istanbul
Spokan, WA - Walla Walla, WA
Spokane - Ellenburgh
Spokane - Missoula
Spokane - Portland
Springfield, IL - St. Louis, MO
Springfield, Il - Carbondale, IL
Srinngar - Jammu - Amritsar - Delhi
St Croix, VI - Vieques, PR
St Thomas, Virgin Islands, Fajardo, Puerto Rico
St. Anthony - Goose Bay
St. Croix - St. Kitts
St. Croix, VI - St. Thomas, VI
St. John - Manan
St. John, VI - St. Croix, VI
St. Johns - Goose Bay
St. Johns - Hibernia platform
St. Johns, AZ - Brownsville, TX
St. Louis - New Madrid
St. Louis, MO - Chicago, IL
St. Louis, MO - Kirkville, MO
St. Maarten - Roseau
St. Maarten - St. Barthélémy
St. Marys - Kenai
St. Marys, AK - Chevak, AK
St. Mawan, England - Almaza, Egypt
St. Paul - Eveleth
St. Paul - Minneapolis
St. Petersburg - Krasnodar
St. Petersburg - Voronezh
St. Thomas, VI - St. Croix, VI
Star, ID - Shelton, WA
Starllingrad - Moscow.
State College - Pittsburgh
Stavanger - Stord
Stavropol - Trabzon
Steamboat Springs - Denver
Stettin - Norway
Stewart - Prince Rupert
Stewart Island - Invercargill
Stockholm - Belgrade
Stockholm - Oskarshamn
Stockholm - Zurich
Stockholm, Sweden - Berlin Germany
Stockholm, Sweden - Leuchars, Scotland
Stockholm, Sweden - RAF Leuchars, Scotland
Stockholm-Copenhagen-Warsaw
Stockton - San Fransisco
Stockton, CA - Ogden, UT
Strasbourg - Paris
Sturdee - Smithers
Stuttgart - Barcelona
Stuttgart - Izmir
Stuttgart - Leipzig
Sukhumi - 	St. Petersburg
Sukhumi - Kutaisi
Sukhumi - Tbilisi
Sundsvall - Gothenburg
Sunnyside, UT - Salt Lake City, UT
Surabaya - Balikpapan
Surabaya - Jeddah
Surabaya - Singapore
Surabaya, East Java - Manado, Indonesia
Surgut - Moscow
Surgut - Nizhnevartovsk
Surgut - Samara
Surkhet - Jumla
Survey
Suttontown - Adelaide
Suva-Nausori - Bua-Dama
Sverdlovsk  - Tashken
Sverdlovsk - 	Kustanai
Sverdlovsk - Omsk
Swikshak Lagoon - King Salmon
Sydney - Brisbane
Sydney - Canberra
Sydney - Honolulu - San Francisco
Sydney - Melbourne
Sydney - New York
Sydney - Tomora
Syktyvkar - 	Moscow (
Syktyvkar - Khatanga
Syktyvkar - Moscow
Tabubil - Bimin
Tabubil - Selbang
Tachikawa AB - Kimpo AB
Tacloban - Cagayan de Oro
Tacoma, WA - Bellingham, WA
Taichung - Tainan
Taipei - Anchorage
Taipei - Ching Chuan Kang
Taipei - Hong Kong
Taipei - Hualian
Taipei - Kaohsiung
Taipei - Kinmen
Taipei - Los Angeles
Taipei - Macau
Taipei - Makung
Taipei - Manila
Taipei - Matsu
Taipei - Matsu Island
Taipei - Nagoya
Taipei, Taiwan -  Mauritius - Johannesburg, South Africa
Taiwan - Da Nang
Taiyuan - Urumqi - Baku
Taku Lodge, AK - Jueau, AK
Talang Betutu - Medan
Talara  - Arica
Talas, Kyrgyzstan - Frunze, Russia
Talinn, Estonia - Helsinki, Finland
Talkeetna, AK - Return
Tallahssee, FL - Lakeland, FL
Tallin - L'vov
Tallinn - Helsinki
Tallinn - Kardla
Tallinn - Minsk
Tallinn - Moscow
Tallinn, Estonia - Helsinki, Finland
Tamale - Accra
Tamanarasset - Constatine
Tamanrasset - Algiers
Tambacounda - Dakar
Tampa - Chicago / Chicago - Madison
Tampa - New Orleans
Tampico - Brownsville, TX
Tampico - Las Potrancas Ranch Airstrip
Tan Son AFB - Clark AFB
Tanbaram AFB - Hyderabad
Tanger - Madrid
Tanzania - Kigali, Rwanda
Taos, NM - Albuquerque, NM
Tapachula - Mexico City
Tapachula - Tuxtla-Gutierrez
Tapacula - Mexico City
Tarakan - Krayan
Tarakan - Long Apung
Tarakan - Long Bawan
Tarakan - Malinau
Tarapoto - Bellavista
Tarko-Sale - Surgut
Tashkent - Donetsk - Minsk /Chelyabinsk to Kishinev
Tashkent - Mineralnyye Vody
Tashkent - Samarkand
Tashkent - Shahrizyabz
Tashkent - Turtkul
Tashkent, Uzbekistan - 	Novosibirsk, Russia
Tasu - Alliford
Taura - Latacunga
Tbilisi - Mineral Waters
Tbilisi - Mineralnye Vody
Tbilisi - Moscow
Tbilisi - Sukhumi
Te Anau  - Milford Sound
Tefe - Manaus
Tegucigalpa - Duzuna
Tehran - Bandar Abbas
Tehran - Beirut
Tehran - Gorgan
Tehran - Khoram
Tehran - Khorramabed
Tehran - Kobenhavn
Tehran - Mashad
Tehran - Moscow
Tehran - Orumiyeh
Tehran - Shiraz
Tehran - Tabas
Tehran - Yasuj
Tehran, Iran - Istanbul, Turkey
Tehran, Iran - Larnaca, Cyprus
Tehran, Iran - Seoul, Korea
Tehran, Iran - Yerevan, Armenia
Tel Aviv -  Novosibirsk, Russia
Tel Aviv - Athens - Rome - New York
Tel Aviv - Constanta
Tel-Aviv - Athens - Paris
Teleboro, NJ  - Wilmington, DE
Temple, TX - Columbus, GA
Temuco - Santiago
Tenerife - Las Palmas / Tenerife - Las Palmas
Tenerife - Manchester, England
Tenerife - Munchen
Terceira - Lisbon
Teresina - Fortaleza
Terhan, Iran - Madrid, Spain - McGuire AFB, New Jersey
Termez - Tashkent
Terney - Amgu
Terra Haute, IN - Moline, IN
Terre Haute - Lafayette
Tersky - Tersky
	
Terskiy - Terskiy
Teslin - Dease Lake
Test
Test Flight
Test flight
Testing
Teterboro - Chicago - San Francisco
Teterboro, NJ - Cambridge, MD
Texel - Amsterdam
Thandwe - Sittwe
Thessaloniki - Samos
Thief River, MN - Owatonna, MN
Thiruvanthapuram, India - Dubai, UAE
Thor Lake - Great Slave Lake
Thule AB - Sondrestrom AB
Tiflis - Suchumi
Tihua - Lanzhou
Tijuana - Black Warrior Lagoon, Baja
Tijuana - Ensenada
Tijuana - Los Angeles
Tijuana - Nogales
Tikis - Batagay
Timik - Ilaga
Timika - Enarotali
Timika - Jayapura
Timika - Warmera
Timmins, Ontario - Ship Sands Island, Ontario
Tindal - Alice Springs
Tingo Maria - Huanuco
Tippi - Jima
Tippi - Jimma
Tipuani - La Paz
Tivat - Praha
Tizla - Dubrovnik
Tocumen - Colon
Tocumen - Guatemala City
Tofino - Ahousat
Tofino - Vancouver
Tokyo - Elmendorf AFB
Tokyo - Hong Kong
Tokyo - Honolulu
Tokyo - Nagoya
Tokyo - Okinawa
Tokyo - Osaka
Tokyo - Rio de Janeiro
Tokyo - San Francisco
Tokyo, Japan - Chitose, Japan
Toledo - Kansas City, MO
Tombouctou - Bamako
Tomonoco - La Paz
Tomsk - Surgut
Tonopath - Bishop
Topeka - Denver
Toronto - Edmonton
Toronto - Lisbon
Toronto - Winnipeg
Tortola Virgin Islands - San Juan, PR
Toul - Clermont-Ferrand
Toulon - Algiers
Toulouse - Barcelona
Toulouse - Barcelona - Valencia - Alicante - Malaga - Rabat
Toulouse - Perpignan - Alicante - Casablanca - Dakar
Toulouse - Perpignan - Barcelona - Alicante - Casablanca
Toulouse - Toulouse
Toulouse, France - Casablanca, Morocco
Tourane - Saigon
Townsville - Brisbane
Traffic reporting
Training
Training -Montreal - Ottawa
Training exercise
Training flight
Training/Aranchi
Transporting troops
Trashkent - Navoi
Travis AFB - Clark AFB - Yokota AFB, Japan
Travis AFB - Honolulu - Agana, Guam - Clark AFB -Saigon
Travis AFB - Tokyo
Trefoil Island - Smithton
Trenton, NJ - Indianappolis, IN
Tres Esquinas - Bogota
Trinidad - Curacao
Trinidad, Bolivia - Riberalta, Bolivia
Trinity - Rimouski
Tripoli - Blackbushe
Tripoli - Cairo
Tripoli - Kano
Tripoli - Tunis
Tripoli IAP - Marsa el-Brega
Tripoli, Libya - Hahn, W Germany
Tripoli, Palermo, Napoli.
Triumph Bay - Campbell River
Trivandrum - Madurai
Tromso - Oslo
Trondheim - Namsos
Trondheim - Oslo
Trujillo - Juanjui
Trujillo - Saposa
Trujillo - Tarapoto
Tsingtao- Tsinan
Tual - Langgar - Kaimana
Tuba City, AZ - Page, AZ
Tucon, AZ - Phoenix, AZ
Tucuman - Buenos Aires
Tucumán - Córdoba
Tucurui - Belem
Tuktoyaktuk - Inuvik
Tullamarine - Leongatha
Tulsa - Bartlesville
Tumaco - Bogota
Tumbes - Piura
Tunis - Paris
Tunis - Tamanrasset
Turin - Milan
Turku - Mariehamn
Tusayan, AZ - Phoenix, AZ
Tuxtla Gutierrez - Villahermosa
Tuzla - Tuzla
Twin Falls - Truckee - Carlsbad - Monterrey
Twinwood, England - Villacoublay, France
Tyonek, AK - Anchorage, AK
Tyumen - Khanty
Tyumen - Surgut
Tyumen - Ufa
Tyurmen - Surgut
US - La Paz
Uaxactun - Flores
Ubrraba - Brasillia
Uchur - Aldan
Ufa - Saratov
Ufa - Usinsk - Perm - Varandey - Naryan Mar
Ujung Pandang - Selaparang
Ul'yanovsk - Leninakan
Ulan - Severomuysk
Ulan Bator - Bayan Olgiy
Ulan Bator - Mandalgobi
Ulan Bator - Moron
Ulysses, KS - Greensburg, KS
Umiat - Fairbanks
Umiat, AK - Local
Unalakleet and Nome
Uncertain, TX - Destsin, FL
Undisclosed air base - Yellowknife
Union Island - Bridgetown
Uruapan - Guadalajara
Uruapan - Lazro
Uruapan - Mexico City
Ushuaia - Buenos Aires
Ust'-Him - 	Syktyvkar
Ust-Kut - Kirensk
Ust-May - 	Allah-Yun
Utica, NY - Newark, NJ
VP-BPS
Vaeroy - Bodo
Valdez, AK - Local
Valencia - Ibiza
Valle grande - Cochabamba
Van Nuys - Long Beach
Van Nuys, CA - San Luis Obispo, CA
Vanavara - Tura
Vancouver - Campbell River
Vancouver - Hong Kong
Vancouver - Kelowna
Vancouver - Masset
Vancouver - Penticton
Vancouver - Powell River - Toba Inlet
Vancouver - Terrace
Vancouver - Tokyo
Vancouver - Toronto
Vancouver - Victoria
Vancouver - Whitehorse
Varna, Bulgaria  - Beiruit, Lebanon
Venezia - Belluno
Venice  Taliedo
Venice - London
Veracruz - Managua
Verona - Timisoara
Vestmannaeyar Island - Reykjavík
Victoria - Salvador
Victoria - Seattle
Victoria harbor - Victoria Harbor Water Aerodome
Vienna, Austria - Zurich, Switzerland
Vientiane - Luang Prabang
Vientiane - Pakse
Vientiane - Phonesavahn
Vientiane - Saigon
Vientiane - Sam Neua
Vientiane - Sayaboury
Vientiane - Xiang Khoang
Vientiane - Xiangkhoung
Vieques, PR - St. Croix, VI
Vieux Fort - Kingstown
Vigo - Madrid
Villa Constitucion - Los Mochis
Villafranca, Italy - Eindhoven AB
Villahermosa - Veracruz
Villamontes - Santa Cruz
Villavicencio - Bogota
Villavicencio - Cucuta
Villavicencio - El Yopal
Villavicencio - Florencia
Villavicencio - La Macarena
Villavicencio - La Primavera - Puerto Carreno
Villavicencio - Medellin
Villavicencio - Miraflores
Villavicencio - Miraflores Guaviarel
Villavicencio - Mitu
Villavicencio - Uribe
Vilnius - Moscow
Vinh - Dong Hoi - Hue
Visalia - Oakland
Visalia, CA - Santa Barbara, CA - Santa Maria, CA
Vitim - Irkutsk
Vitoria - Rio de Janeiro
Volgograd - Nalchik
Volgograd - Sverdlovsk
Vorkuta - 	Syktyvkar
Voronezh - Moscow-Domodedovo
Voronezh - Stalingrad
Wadi Halfa - Benina
Wadi Halfa - Khartoum
Wake Island - Guam - Manila
Wake Island - Honolulu
Wake Island - Honolulu - Oakland
Wake Island - Tachikawa
Walikale - Goma
Wamena - Ninia
Wanaka - Milford Sound
Warsaw - Cracow
Warsaw - Goleniow
Warsaw - Miroslawiec
Warsaw - Moscow
Warsaw - New York City
Warsaw - Prague - Strasbourg - Paris
Warsaw, Poland - Bucharest, Romania
Warsaw, Poland - Smolensk Russia
Warszawa - Rzeszow
Washington - Baltimore - Philadelphia
Washington - Chicago
Washington - Harrisburgh - Bradford - Erie - Detroit
Washington - Newark
Washington D.C. - Baltimore, MD
Washington D.C. - Columbus, OH
Washington D.C. - Detroit
Washington D.C. - Fort Lauderdale, FL
Washington D.C. - Los Angeles
Washington D.C. - Newport News, VA - Philadelphia
Washington D.C. - Norfolk
Washington D.C. - Providence, RI
Washington D.C. - Southhampton, MA
Washington D.C. Baltimore, MD
Washington DC - Charlottsville, VA
Washington, D.C. - New York, Ny
Waterbury,CN  - Oxford, CN
Wau - Rumbek - Juba
Waurika, OK - Wichita Falls, TX
Wellington - Christchurch
Wellington - Picton
Wellington - Rotorua - Tauranga.
Wendover Field - Pocatello AAB
West Palm Beach - Freeport Grand Bahama Islands
West Palm Beach, FL - New Orleans, LA
Westerly, RI - Block Island, RI
Westover AFB - London
White Plains, NY - Toronto, Canada - White Plains, NY
Whitting NAS - Norfolk NB
Wichita - Denver - Logan, Utah
Wichita - Garden City, KS
Wichita - Kansas City
Wichita - Kansas City, KS
Wichita, KS - Hays, KS
Wichita, KS - Mena, AR
Wichita, TX - Midland, TX
Wien - Munchen
Wien - Tel Aviv
Williams AFB, AZ - Long Beach, CA
Williamsport, PA  - Philadelphia, PA
Willow, AK - Local
Wilmington - Lumberton
Windhoek - Luanda
Windhoek, Namibia - Ngiva, Angola
Windsor - Toronto
Windsor Locks - Halifax - Zaragoza, Spain
Winisk - Timmins
Winnigeg - Moosejaw
Winnipeg - Little Grand Rapids
Winnipeg - North Spirit Lake
Winnipeg - Regina - Vancouver
Winnipeg - Sandy Lake
Winnipeg - Thunder Bay, Ontario
Winnipeg Manitoba
Woitape - Port Moresby
Wrangell, AK - Return
Xakanaka Airstrip - Pom Pom Airstrip
Xian - Guangzhou
Yakima - Pasco
Yakutat - Anchorage
Yakutat - Annette
Yakutsk - Kirensk
Yakutsk - Magadan
Yakutsk - Vilyuisk
Yangon - Myitkyina
Yangon - Sittwe
Yaounde - Douala
Yaroslavl - Minsk
Yekaterinburg - Irkutsk - Vladivostok
Yekaterinburg - Kuybyshev
Yellowknife - Lutsek'e
Yellowknife - Resolute Bay
Yerevan - Batumi
Yerevan - Krasnodar
Yerevan - Zvartnots
Yerevan, Armenia - Sochi, Russia
Yevlakh - Nuha
Yevlakyh - Tbilisi
Yinchuan - Beijing
Yoido AB - Taegu
Yoro - Honduran
Yushno - Khabarovk
Yushno - Ust Ilimsk
Yuzhno -Shakhtyorsk
Yuzhno-Sakhalinsk - Khabarovsk
Zahedan - Kerman
Zamboanga - Manila
Zamboanga - Sanga Sanga
Zaragoza - Barcelona
Zeldiver - San Pedro
Zumba - Loja
Zurich - Berlin
Zurich - Geneva
Zurich - Geneva - Athens - Bombay - Beijing
Zurich - Geneva - Paris
Zurich - Rabat
Zurich - Rome
Zurich - Tel Aviv
Zyryanka - Srednekymsk
Zürich - Dresden
al-Asad air base - Baghdad
copenhagen, Denmark - Oslo, Norway
